episode_id,series_id,series_title,season,episode_number,episode_title,airdate,original_airdate,remastered_airdate,production_code,stardate,vignette
281,4,Star Trek: Deep Space Nine,1.0,1.0,Emissary,1993-01-03,1993-01-03,,40511-721,46379.1,
282,4,Star Trek: Deep Space Nine,1.0,3.0,Past Prologue,1993-01-10,1993-01-10,,40511-404,,
283,4,Star Trek: Deep Space Nine,1.0,4.0,A Man Alone,1993-01-17,1993-01-17,,40511-403,46421.5,
284,4,Star Trek: Deep Space Nine,1.0,5.0,Babel,1993-01-24,1993-01-24,,40511-405,46423.7,
285,4,Star Trek: Deep Space Nine,1.0,6.0,Captive Pursuit,1993-01-31,1993-01-31,,40511-406,46477.5,
286,4,Star Trek: Deep Space Nine,1.0,7.0,Q‐Less,1993-02-07,1993-02-07,,40511-407,46531.2,
287,4,Star Trek: Deep Space Nine,1.0,8.0,Dax,1993-02-14,1993-02-14,,40511-408,46910.1,
288,4,Star Trek: Deep Space Nine,1.0,9.0,The Passenger,1993-02-21,1993-02-21,,40511-409,,
289,4,Star Trek: Deep Space Nine,1.0,10.0,Move Along Home,1993-03-14,1993-03-14,,40511-410,,
290,4,Star Trek: Deep Space Nine,1.0,11.0,The Nagus,1993-03-21,1993-03-21,,40511-411,,
291,4,Star Trek: Deep Space Nine,1.0,12.0,Vortex,1993-04-18,1993-04-18,,40511-412,,
292,4,Star Trek: Deep Space Nine,1.0,13.0,Battle Lines,1993-04-25,1993-04-25,,40511-413,,
293,4,Star Trek: Deep Space Nine,1.0,14.0,The Storyteller,1993-05-02,1993-05-02,,40511-414,46729.1,
294,4,Star Trek: Deep Space Nine,1.0,15.0,Progress,1993-05-09,1993-05-09,,40511-415,46844.3,
295,4,Star Trek: Deep Space Nine,1.0,16.0,If Wishes Were Horses,1993-05-16,1993-05-16,,40511-416,46853.2,
296,4,Star Trek: Deep Space Nine,1.0,17.0,The Forsaken,1993-05-23,1993-05-23,,40511-417,46925.1,
297,4,Star Trek: Deep Space Nine,1.0,18.0,Dramatis Personae,1993-05-30,1993-05-30,,40511-418,46922.3,
298,4,Star Trek: Deep Space Nine,1.0,19.0,Duet,1993-06-13,1993-06-13,,40511-419,,
299,4,Star Trek: Deep Space Nine,1.0,20.0,In the Hands of the Prophets,1993-06-20,1993-06-20,,40511-420,,
300,4,Star Trek: Deep Space Nine,2.0,1.0,The Homecoming,1993-09-26,1993-09-26,,40512-421,,
301,4,Star Trek: Deep Space Nine,2.0,2.0,The Circle,1993-10-03,1993-10-03,,40512-422,,
302,4,Star Trek: Deep Space Nine,2.0,3.0,The Siege,1993-10-10,1993-10-10,,40512-423,,
303,4,Star Trek: Deep Space Nine,2.0,4.0,Invasive Procedures,1993-10-17,1993-10-17,,40512-424,47182.1,
304,4,Star Trek: Deep Space Nine,2.0,5.0,Cardassians,1993-10-24,1993-10-24,,40512-425,47177.2,
305,4,Star Trek: Deep Space Nine,2.0,6.0,Melora,1993-10-31,1993-10-31,,40512-426,47229.1,
306,4,Star Trek: Deep Space Nine,2.0,7.0,Rules of Acquisition,1993-11-07,1993-11-07,,40512-427,,
307,4,Star Trek: Deep Space Nine,2.0,8.0,Necessary Evil,1993-11-14,1993-11-14,,40512-428,47282.5,
308,4,Star Trek: Deep Space Nine,2.0,9.0,Second Sight,1993-11-21,1993-11-21,,40512-429,47329.4,
309,4,Star Trek: Deep Space Nine,2.0,10.0,Sanctuary,1993-11-28,1993-11-28,,40512-430,47391.2,
310,4,Star Trek: Deep Space Nine,2.0,11.0,Rivals,1994-01-02,1994-01-02,,40512-431,,
311,4,Star Trek: Deep Space Nine,2.0,12.0,The Alternate,1994-01-09,1994-01-09,,40512-432,47391.7,
312,4,Star Trek: Deep Space Nine,2.0,13.0,Armageddon Game,1994-01-30,1994-01-30,,40512-433,,
313,4,Star Trek: Deep Space Nine,2.0,14.0,Whispers,1994-02-06,1994-02-06,,40512-434,47581.2,
314,4,Star Trek: Deep Space Nine,2.0,15.0,Paradise,1994-02-13,1994-02-13,,40512-435,47573.1,
315,4,Star Trek: Deep Space Nine,2.0,16.0,Shadowplay,1994-02-20,1994-02-20,,40512-436,47603.3,
316,4,Star Trek: Deep Space Nine,2.0,17.0,Playing God,1994-02-27,1994-02-27,,40512-437,,
317,4,Star Trek: Deep Space Nine,2.0,18.0,Profit and Loss,1994-03-20,1994-03-20,,40512-438,,
318,4,Star Trek: Deep Space Nine,2.0,19.0,Blood Oath,1994-03-27,1994-03-27,,40512-439,,
319,4,Star Trek: Deep Space Nine,2.0,20.0,"The Maquis, Part I",1994-04-24,1994-04-24,,40512-440,,
320,4,Star Trek: Deep Space Nine,2.0,21.0,"The Maquis, Part II",1994-05-01,1994-05-01,,40512-441,,
321,4,Star Trek: Deep Space Nine,2.0,22.0,The Wire,1994-05-08,1994-05-08,,40512-442,,
322,4,Star Trek: Deep Space Nine,2.0,23.0,Crossover,1994-05-15,1994-05-15,,40512-443,,
323,4,Star Trek: Deep Space Nine,2.0,24.0,The Collaborator,1994-05-22,1994-05-22,,40512-444,,
324,4,Star Trek: Deep Space Nine,2.0,25.0,Tribunal,1994-06-05,1994-06-05,,40512-445,47944.2,
325,4,Star Trek: Deep Space Nine,2.0,26.0,The Jem’Hadar,1994-06-12,1994-06-12,,40512-446,,
326,4,Star Trek: Deep Space Nine,3.0,1.0,"The Search, Part I",1994-09-26,1994-09-26,,40512-447,48213.1,
327,4,Star Trek: Deep Space Nine,3.0,2.0,"The Search, Part II",1994-10-03,1994-10-03,,40512-447,48217.7,
328,4,Star Trek: Deep Space Nine,3.0,3.0,The House of Quark,1994-10-10,1994-10-10,,40513-449,48224.2,
329,4,Star Trek: Deep Space Nine,3.0,4.0,Equilibrium,1994-10-17,1994-10-17,,40513-450,,
330,4,Star Trek: Deep Space Nine,3.0,5.0,Second Skin,1994-10-24,1994-10-24,,40513-451,48244.5,
331,4,Star Trek: Deep Space Nine,3.0,6.0,The Abandoned,1994-10-31,1994-10-31,,40513-452,48301.1,
332,4,Star Trek: Deep Space Nine,3.0,7.0,Civil Defense,1994-11-07,1994-11-07,,40513-453,48388.8,
333,4,Star Trek: Deep Space Nine,3.0,8.0,Meridian,1994-11-14,1994-11-14,,40513-454,48423.2,
334,4,Star Trek: Deep Space Nine,3.0,9.0,Defiant,1994-11-21,1994-11-21,,40513-455,48467.3,
335,4,Star Trek: Deep Space Nine,3.0,10.0,Fascination,1994-11-28,1994-11-28,,40513-456,,
336,4,Star Trek: Deep Space Nine,3.0,11.0,"Past Tense, Part I",1995-01-02,1995-01-02,,40513-457,48481.2,
337,4,Star Trek: Deep Space Nine,3.0,12.0,"Past Tense, Part II",1995-01-09,1995-01-09,,40513-458,48481.2,
338,4,Star Trek: Deep Space Nine,3.0,13.0,Life Support,1995-01-30,1995-01-30,,40513-459,48498.4,
339,4,Star Trek: Deep Space Nine,3.0,14.0,Heart of Stone,1995-02-06,1995-02-06,,40513-460,48521.5,
340,4,Star Trek: Deep Space Nine,3.0,15.0,Destiny,1995-02-13,1995-02-13,,40513-461,48543.2,
341,4,Star Trek: Deep Space Nine,3.0,16.0,Prophet Motive,1995-02-20,1995-02-20,,40513-462,,
342,4,Star Trek: Deep Space Nine,3.0,17.0,Visionary,1995-02-27,1995-02-27,,40513-463,48576.7,
343,4,Star Trek: Deep Space Nine,3.0,18.0,Distant Voices,1995-04-10,1995-04-10,,40513-464,48592.2,
344,4,Star Trek: Deep Space Nine,3.0,19.0,Through the Looking Glass,1995-04-17,1995-04-17,,40513-466,,
345,4,Star Trek: Deep Space Nine,3.0,20.0,Improbable Cause,1995-04-24,1995-04-24,,40513-465,,
346,4,Star Trek: Deep Space Nine,3.0,21.0,The Die Is Cast,1995-05-01,1995-05-01,,40513-467,,
347,4,Star Trek: Deep Space Nine,3.0,22.0,Explorers,1995-05-08,1995-05-08,,40513-468,,
348,4,Star Trek: Deep Space Nine,3.0,23.0,Family Business,1995-05-15,1995-05-15,,40513-469,,
349,4,Star Trek: Deep Space Nine,3.0,24.0,Shakaar,1995-05-22,1995-05-22,,40513-470,,
350,4,Star Trek: Deep Space Nine,3.0,25.0,Facets,1995-06-12,1995-06-12,,40513-471,48876.3,
351,4,Star Trek: Deep Space Nine,3.0,26.0,The Adversary,1995-06-19,1995-06-19,,40513-472,48959.1,
352,4,Star Trek: Deep Space Nine,4.0,1.0,The Way of the Warrior,1995-10-02,1995-10-02,,40514-473,49011.4,
353,4,Star Trek: Deep Space Nine,4.0,3.0,The Visitor,1995-10-09,1995-10-09,,40510-476,49034.7,
354,4,Star Trek: Deep Space Nine,4.0,4.0,Hippocratic Oath,1995-10-16,1995-10-16,,40510-475,49066.5,
355,4,Star Trek: Deep Space Nine,4.0,5.0,Indiscretion,1995-10-23,1995-10-23,,40510-477,,
356,4,Star Trek: Deep Space Nine,4.0,6.0,Rejoined,1995-10-30,1995-10-30,,40510-478,49195.5,
357,4,Star Trek: Deep Space Nine,4.0,7.0,Starship Down,1995-11-06,1995-11-06,,40510-480,49263.5,
358,4,Star Trek: Deep Space Nine,4.0,8.0,Little Green Men,1995-11-13,1995-11-13,,40510-479,,
359,4,Star Trek: Deep Space Nine,4.0,9.0,The Sword of Kahless,1995-11-20,1995-11-20,,40510-481,49289.1,
360,4,Star Trek: Deep Space Nine,4.0,10.0,Our Man Bashir,1995-11-27,1995-11-27,,40510-482,49300.7,
361,4,Star Trek: Deep Space Nine,4.0,11.0,Homefront,1996-01-01,1996-01-01,,40510-483,49170.7,
362,4,Star Trek: Deep Space Nine,4.0,12.0,Paradise Lost,1996-01-08,1996-01-08,,40510-484,,
363,4,Star Trek: Deep Space Nine,4.0,13.0,Crossfire,1996-01-29,1996-01-29,,40510-485,,
364,4,Star Trek: Deep Space Nine,4.0,14.0,Return to Grace,1996-02-05,1996-02-05,,40510-486,,
365,4,Star Trek: Deep Space Nine,4.0,15.0,Sons of Mogh,1996-02-12,1996-02-12,,40510-487,49556.2,
366,4,Star Trek: Deep Space Nine,4.0,16.0,Bar Association,1996-02-19,1996-02-19,,40510-488,,
367,4,Star Trek: Deep Space Nine,4.0,17.0,Accession,1996-02-26,1996-02-26,,40510-489,,
368,4,Star Trek: Deep Space Nine,4.0,18.0,Rules of Engagement,1996-04-08,1996-04-08,,40510-490,49665.3,
369,4,Star Trek: Deep Space Nine,4.0,19.0,Hard Time,1996-04-15,1996-04-15,,40510-491,,
370,4,Star Trek: Deep Space Nine,4.0,20.0,Shattered Mirror,1996-04-22,1996-04-22,,40510-492,,
371,4,Star Trek: Deep Space Nine,4.0,21.0,The Muse,1996-04-29,1996-04-29,,40510-493,,
372,4,Star Trek: Deep Space Nine,4.0,22.0,For the Cause,1996-05-06,1996-05-06,,40510-494,,
373,4,Star Trek: Deep Space Nine,4.0,23.0,To the Death,1996-05-13,1996-05-13,,40510-496,49904.2,
374,4,Star Trek: Deep Space Nine,4.0,24.0,The Quickening,1996-05-20,1996-05-20,,40510-495,,
375,4,Star Trek: Deep Space Nine,4.0,25.0,Body Parts,1996-06-10,1996-06-10,,40510-497,49930.3,
376,4,Star Trek: Deep Space Nine,4.0,26.0,Broken Link,1996-06-17,1996-06-17,,40510-498,49962.4,
377,4,Star Trek: Deep Space Nine,5.0,1.0,Apocalypse Rising,1996-09-30,1996-09-30,,40510-499,,
378,4,Star Trek: Deep Space Nine,5.0,2.0,The Ship,1996-10-07,1996-10-07,,40510-500,50049.3,
379,4,Star Trek: Deep Space Nine,5.0,3.0,Looking for par’Mach in All the Wrong Places,1996-10-14,1996-10-14,,40510-501,50061.2,
380,4,Star Trek: Deep Space Nine,5.0,4.0,Nor the Battle to the Strong,1996-10-21,1996-10-21,,40510-502,,
381,4,Star Trek: Deep Space Nine,5.0,5.0,The Assignment,1996-10-28,1996-10-28,,40510-504,,
382,4,Star Trek: Deep Space Nine,5.0,6.0,Trials and Tribble‐ations,1996-11-04,1996-11-04,,40510-503,4523.7,
383,4,Star Trek: Deep Space Nine,5.0,7.0,Let He Who Is Without Sin…,1996-11-11,1996-11-11,,40510-505,,
384,4,Star Trek: Deep Space Nine,5.0,8.0,Things Past,1996-11-18,1996-11-18,,40510-506,,
385,4,Star Trek: Deep Space Nine,5.0,9.0,The Ascent,1996-11-25,1996-11-25,,40510-507,,
386,4,Star Trek: Deep Space Nine,5.0,10.0,Rapture,1996-12-30,1996-12-30,,40510-508,,
387,4,Star Trek: Deep Space Nine,5.0,11.0,The Darkness and the Light,1997-01-06,1997-01-06,,40510-509,50416.2,
388,4,Star Trek: Deep Space Nine,5.0,12.0,The Begotten,1997-01-27,1997-01-27,,40510-510,,
389,4,Star Trek: Deep Space Nine,5.0,13.0,For the Uniform,1997-02-03,1997-02-03,,40510-511,50485.2,
390,4,Star Trek: Deep Space Nine,5.0,14.0,In Purgatory’s Shadow,1997-02-10,1997-02-10,,40510-512,,
391,4,Star Trek: Deep Space Nine,5.0,15.0,By Inferno’s Light,1997-02-17,1997-02-17,,40510-513,50564.2,
392,4,Star Trek: Deep Space Nine,5.0,16.0,"Doctor Bashir, I Presume",1997-02-24,1997-02-24,,40510-514,,
393,4,Star Trek: Deep Space Nine,5.0,17.0,A Simple Investigation,1997-03-31,1997-03-31,,40510-515,,
394,4,Star Trek: Deep Space Nine,5.0,18.0,Business as Usual,1997-04-07,1997-04-07,,40510-516,,
395,4,Star Trek: Deep Space Nine,5.0,19.0,Ties of Blood and Water,1997-04-14,1997-04-14,,40510-517,50712.5,
396,4,Star Trek: Deep Space Nine,5.0,20.0,Ferengi Love Songs,1997-04-21,1997-04-21,,40510-518,,
397,4,Star Trek: Deep Space Nine,5.0,21.0,Soldiers of the Empire,1997-04-28,1997-04-28,,40510-519,,
398,4,Star Trek: Deep Space Nine,5.0,22.0,Children of Time,1997-05-05,1997-05-05,,40510-520,50814.2,
399,4,Star Trek: Deep Space Nine,5.0,23.0,Blaze of Glory,1997-05-12,1997-05-12,,40510-521,,
400,4,Star Trek: Deep Space Nine,5.0,24.0,Empok Nor,1997-05-19,1997-05-19,,40510-522,50901.7,
401,4,Star Trek: Deep Space Nine,5.0,25.0,In the Cards,1997-06-09,1997-06-09,,40510-523,50929.4,
402,4,Star Trek: Deep Space Nine,5.0,26.0,Call to Arms,1997-06-16,1997-06-16,,40510-524,50975.2,
403,4,Star Trek: Deep Space Nine,6.0,1.0,A Time to Stand,1997-09-29,1997-09-29,,40510-525,,
404,4,Star Trek: Deep Space Nine,6.0,2.0,Rocks and Shoals,1997-10-06,1997-10-06,,40510-527,51096.2,
405,4,Star Trek: Deep Space Nine,6.0,3.0,Sons and Daughters,1997-10-13,1997-10-13,,40510-526,,
406,4,Star Trek: Deep Space Nine,6.0,4.0,Behind the Lines,1997-10-20,1997-10-20,,40510-528,51145.3,
407,4,Star Trek: Deep Space Nine,6.0,5.0,Favor the Bold,1997-10-27,1997-10-27,,40510-529,,
408,4,Star Trek: Deep Space Nine,6.0,6.0,Sacrifice of Angels,1997-11-03,1997-11-03,,40510-530,,
409,4,Star Trek: Deep Space Nine,6.0,7.0,You Are Cordially Invited,1997-11-10,1997-11-10,,40510-531,51247.5,
410,4,Star Trek: Deep Space Nine,6.0,8.0,Resurrection,1997-11-17,1997-11-17,,40510-532,,
411,4,Star Trek: Deep Space Nine,6.0,9.0,Statistical Probabilities,1997-11-24,1997-11-24,,40510-533,,
412,4,Star Trek: Deep Space Nine,6.0,10.0,The Magnificent Ferengi,1998-01-01,1998-01-01,,40510-534,,
413,4,Star Trek: Deep Space Nine,6.0,11.0,Waltz,1998-01-08,1998-01-08,,40510-535,51408.6,
414,4,Star Trek: Deep Space Nine,6.0,12.0,Who Mourns for Morn?,1998-02-04,1998-02-04,,40510-536,,
415,4,Star Trek: Deep Space Nine,6.0,13.0,Far Beyond the Stars,1998-02-11,1998-02-11,,40510-538,,
416,4,Star Trek: Deep Space Nine,6.0,14.0,One Little Ship,1998-02-18,1998-02-18,,40510-537,51474.2,
417,4,Star Trek: Deep Space Nine,6.0,15.0,Honor Among Thieves,1998-02-25,1998-02-25,,40510-539,,
418,4,Star Trek: Deep Space Nine,6.0,16.0,Change of Heart,1998-03-04,1998-03-04,,40510-540,51597.2,
419,4,Star Trek: Deep Space Nine,6.0,17.0,Wrongs Darker Than Death or Night,1998-04-01,1998-04-01,,40510-541,,
420,4,Star Trek: Deep Space Nine,6.0,18.0,Inquisition,1998-04-08,1998-04-08,,40510-542,,
421,4,Star Trek: Deep Space Nine,6.0,19.0,In the Pale Moonlight,1998-04-15,1998-04-15,,40510-543,51721.3,
422,4,Star Trek: Deep Space Nine,6.0,20.0,His Way,1998-04-22,1998-04-22,,40510-544,,
423,4,Star Trek: Deep Space Nine,6.0,21.0,The Reckoning,1998-04-29,1998-04-29,,40510-545,,
424,4,Star Trek: Deep Space Nine,6.0,22.0,Valiant,1998-05-06,1998-05-06,,40510-546,51825.4,
425,4,Star Trek: Deep Space Nine,6.0,23.0,Profit and Lace,1998-05-13,1998-05-13,,40510-547,,
426,4,Star Trek: Deep Space Nine,6.0,24.0,Time’s Orphan,1998-05-20,1998-05-20,,40510-548,,
427,4,Star Trek: Deep Space Nine,6.0,25.0,The Sound of Her Voice,1998-06-10,1998-06-10,,40510-549,51948.3,
428,4,Star Trek: Deep Space Nine,6.0,26.0,Tears of the Prophets,1998-06-17,1998-06-17,,40510-550,,
429,4,Star Trek: Deep Space Nine,7.0,1.0,Image in the Sand,1998-09-30,1998-09-30,,40510-551,,
430,4,Star Trek: Deep Space Nine,7.0,2.0,Shadows and Symbols,1998-10-07,1998-10-07,,40510-552,52152.6,
431,4,Star Trek: Deep Space Nine,7.0,3.0,Afterimage,1998-10-14,1998-10-14,,40510-553,,
432,4,Star Trek: Deep Space Nine,7.0,4.0,Take Me Out to the Holosuite,1998-10-21,1998-10-21,,40510-554,,
433,4,Star Trek: Deep Space Nine,7.0,5.0,Chrysalis,1998-10-28,1998-10-28,,40510-555,,
434,4,Star Trek: Deep Space Nine,7.0,6.0,"Treachery, Faith and the Great River",1998-11-04,1998-11-04,,40510-556,,
435,4,Star Trek: Deep Space Nine,7.0,7.0,Once More Unto the Breach,1998-11-11,1998-11-11,,40510-557,,
436,4,Star Trek: Deep Space Nine,7.0,8.0,The Siege of AR‐558,1998-11-18,1998-11-18,,40510-558,,
437,4,Star Trek: Deep Space Nine,7.0,9.0,Covenant,1998-11-25,1998-11-25,,40510-559,,
438,4,Star Trek: Deep Space Nine,7.0,10.0,It’s Only a Paper Moon,1998-12-30,1998-12-30,,40510-560,,
439,4,Star Trek: Deep Space Nine,7.0,11.0,Prodigal Daughter,1999-01-06,1999-01-06,,40510-561,,
440,4,Star Trek: Deep Space Nine,7.0,12.0,The Emperor’s New Cloak,1999-02-03,1999-02-03,,40510-562,,
441,4,Star Trek: Deep Space Nine,7.0,13.0,Field of Fire,1999-02-10,1999-02-10,,40510-563,,
442,4,Star Trek: Deep Space Nine,7.0,14.0,Chimera,1999-02-17,1999-02-17,,40510-564,,
443,4,Star Trek: Deep Space Nine,7.0,15.0,"Badda‐Bing, Badda‐Bang",1999-02-24,1999-02-24,,40510-566,,
444,4,Star Trek: Deep Space Nine,7.0,16.0,Inter Arma Enim Silent Leges,1999-03-03,1999-03-03,,40510-565,,
445,4,Star Trek: Deep Space Nine,7.0,17.0,Penumbra,1999-04-07,1999-04-07,,40510-567,52576.2,
446,4,Star Trek: Deep Space Nine,7.0,18.0,’Til Death Do Us Part,1999-04-14,1999-04-14,,40510-568,,
447,4,Star Trek: Deep Space Nine,7.0,19.0,Strange Bedfellows,1999-04-21,1999-04-21,,40510-569,,
448,4,Star Trek: Deep Space Nine,7.0,20.0,The Changing Face of Evil,1999-04-28,1999-04-28,,40510-570,,
449,4,Star Trek: Deep Space Nine,7.0,21.0,When It Rains…,1999-05-05,1999-05-05,,40510-571,,
450,4,Star Trek: Deep Space Nine,7.0,22.0,Tacking Into the Wind,1999-05-12,1999-05-12,,40510-572,,
451,4,Star Trek: Deep Space Nine,7.0,23.0,Extreme Measures,1999-05-19,1999-05-19,,40510-573,52645.7,
452,4,Star Trek: Deep Space Nine,7.0,24.0,The Dogs of War,1999-05-26,1999-05-26,,40510-574,52861.3,
453,4,Star Trek: Deep Space Nine,7.0,25.0,What You Leave Behind,1999-06-02,1999-06-02,,40510-575,,
733,8,Star Trek: Discovery,1.0,1.0,The Vulcan Hello,2017-09-24,2017-09-24,,101,1207.3,
734,8,Star Trek: Discovery,1.0,2.0,Battle at the Binary Stars,2017-09-24,2017-09-24,,102,1207.3,
735,8,Star Trek: Discovery,1.0,3.0,Context Is for Kings,2017-10-01,2017-10-01,,103,,
736,8,Star Trek: Discovery,1.0,4.0,The Butcher’s Knife Cares Not for the Lamb’s Cry,2017-10-08,2017-10-08,,104,,
737,8,Star Trek: Discovery,1.0,5.0,Choose Your Pain,2017-10-15,2017-10-15,,105,,
738,8,Star Trek: Discovery,1.0,6.0,Lethe,2017-10-22,2017-10-22,,106,,
739,8,Star Trek: Discovery,1.0,7.0,Magic to Make the Sanest Man Go Mad,2017-10-29,2017-10-29,,107,2136.8,
740,8,Star Trek: Discovery,1.0,8.0,"Si Vis Pacem, Para Bellum",2017-11-05,2017-11-05,,108,1308.9,
741,8,Star Trek: Discovery,1.0,9.0,Into the Forest I Go,2017-11-12,2017-11-12,,109,,
742,8,Star Trek: Discovery,1.0,10.0,Despite Yourself,2018-01-07,2018-01-07,,110,,
743,8,Star Trek: Discovery,1.0,11.0,The Wolf Inside,2018-01-14,2018-01-14,,111,,
744,8,Star Trek: Discovery,1.0,12.0,Vaulting Ambition,2018-01-21,2018-01-21,,112,,
745,8,Star Trek: Discovery,1.0,13.0,What’s Past Is Prologue,2018-01-28,2018-01-28,,113,1834.2,
746,8,Star Trek: Discovery,1.0,14.0,"The War Without, the War Within",2018-02-04,2018-02-04,,114,,
747,8,Star Trek: Discovery,1.0,15.0,Will You Take My Hand?,2018-02-11,2018-02-11,,115,,
748,8,Star Trek: Discovery,2.0,1.0,Brother,2019-01-17,2019-01-17,,201,1025.19,
749,8,Star Trek: Discovery,2.0,2.0,New Eden,2019-01-24,2019-01-24,,202,1027.32,
750,8,Star Trek: Discovery,2.0,3.0,Point of Light,2019-01-31,2019-01-31,,203,1029.46,
751,8,Star Trek: Discovery,2.0,4.0,An Obol for Charon,2019-02-07,2019-02-07,,204,1834.2512,
752,8,Star Trek: Discovery,2.0,5.0,Saints of Imperfection,2019-02-14,2019-02-14,,205,,
753,8,Star Trek: Discovery,2.0,6.0,The Sounds of Thunder,2019-02-21,2019-02-21,,206,1035.86,
754,8,Star Trek: Discovery,2.0,7.0,Light and Shadows,2019-02-28,2019-02-28,,207,,
755,8,Star Trek: Discovery,2.0,8.0,If Memory Serves,2019-03-07,2019-03-07,,208,1532.9,
756,8,Star Trek: Discovery,2.0,9.0,Project Daedalus,2019-03-14,2019-03-14,,209,,
757,8,Star Trek: Discovery,2.0,10.0,The Red Angel,2019-03-21,2019-03-21,,210,,
758,8,Star Trek: Discovery,2.0,11.0,Perpetual Infinity,2019-03-28,2019-03-28,,211,,
759,8,Star Trek: Discovery,2.0,12.0,Through the Valley of Shadows,2019-04-04,2019-04-04,,212,1048.66,
760,8,Star Trek: Discovery,2.0,13.0,Such Sweet Sorrow,2019-04-11,2019-04-11,,213,1050.8,
761,8,Star Trek: Discovery,2.0,14.0,"Such Sweet Sorrow, Part 2",2019-04-18,2019-04-18,,214,1201.7,
762,8,Star Trek: Discovery,3.0,1.0,"That Hope Is You, Part 1",2020-10-15,2020-10-15,,301,,
763,8,Star Trek: Discovery,3.0,2.0,Far From Home,2020-10-22,2020-10-22,,302,,
764,8,Star Trek: Discovery,3.0,3.0,People of Earth,2020-10-29,2020-10-29,,303-32,865211.3,
765,8,Star Trek: Discovery,3.0,4.0,Forget Me Not,2020-11-05,2020-11-05,,304,,
766,8,Star Trek: Discovery,3.0,5.0,Die Trying,2020-11-12,2020-11-12,,305,,
767,8,Star Trek: Discovery,3.0,6.0,Scavengers,2020-11-19,2020-11-19,,306,,
768,8,Star Trek: Discovery,3.0,7.0,Unification III,2020-11-26,2020-11-26,,307,,
769,8,Star Trek: Discovery,3.0,8.0,The Sanctuary,2020-12-03,2020-12-03,,308,,
770,8,Star Trek: Discovery,3.0,9.0,"Terra Firma, Part 1",2020-12-10,2020-12-10,,309,,
771,8,Star Trek: Discovery,3.0,10.0,"Terra Firma, Part 2",2020-12-17,2020-12-17,,310,,
772,8,Star Trek: Discovery,3.0,11.0,Su’Kal,2020-12-24,2020-12-24,,311,,
773,8,Star Trek: Discovery,3.0,12.0,There Is a Tide…,2020-12-31,2020-12-31,,312,,
774,8,Star Trek: Discovery,3.0,13.0,"That Hope Is You, Part 2",2021-01-07,2021-01-07,,313,,
775,8,Star Trek: Discovery,4.0,1.0,Kobayashi Maru,2021-11-18,2021-11-18,,401,,
776,8,Star Trek: Discovery,4.0,2.0,Anomaly,2021-11-25,2021-11-25,,402,,
777,8,Star Trek: Discovery,4.0,3.0,Choose to Live,2021-12-02,2021-12-02,,403,,
778,8,Star Trek: Discovery,4.0,4.0,All Is Possible,2021-12-09,2021-12-09,,404,865661.2,
779,8,Star Trek: Discovery,4.0,5.0,The Examples,2021-12-16,2021-12-16,,405,,
780,8,Star Trek: Discovery,4.0,6.0,Stormy Weather,2021-12-23,2021-12-23,,406,,
781,8,Star Trek: Discovery,4.0,7.0,…But to Connect,2021-12-30,2021-12-30,,407,,
782,8,Star Trek: Discovery,4.0,8.0,All In,2022-02-10,2022-02-10,,408,,
783,8,Star Trek: Discovery,4.0,9.0,Rubicon,2022-02-17,2022-02-17,,409,,
784,8,Star Trek: Discovery,4.0,10.0,The Galatic Barrier,2022-02-24,2022-02-24,,410,,
785,8,Star Trek: Discovery,4.0,11.0,Rosetta,2022-03-03,2022-03-03,,411,865783.7,
786,8,Star Trek: Discovery,4.0,12.0,Species Ten‐C,2022-03-10,2022-03-10,,412,,
787,8,Star Trek: Discovery,4.0,13.0,Coming Home,2022-03-17,2022-03-17,,413,,
788,8,Star Trek: Discovery,5.0,1.0,Red Directive,2024-04-04,2024-04-04,,501,,
789,8,Star Trek: Discovery,5.0,2.0,Under the Twin Moons,2024-04-04,2024-04-04,,502,866274.3,
790,8,Star Trek: Discovery,5.0,3.0,Jinaal,2024-04-11,2024-04-11,,503,,
791,8,Star Trek: Discovery,5.0,4.0,Face the Strange,2024-04-18,2024-04-18,,504,,
792,8,Star Trek: Discovery,5.0,5.0,Mirrors,2024-04-25,2024-04-25,,505,866282.9,
793,8,Star Trek: Discovery,5.0,6.0,Whistlespeak,2024-05-02,2024-05-02,,506,,
794,8,Star Trek: Discovery,5.0,7.0,Erigah,2024-05-09,2024-05-09,,507,,
795,8,Star Trek: Discovery,5.0,8.0,Labyrinths,2024-05-16,2024-05-16,,508,,
796,8,Star Trek: Discovery,5.0,9.0,Lagrange Point,2024-05-23,2024-05-23,,509,,
797,8,Star Trek: Discovery,5.0,10.0,"Life, Itself",2024-05-30,2024-05-30,,510,,
622,6,Star Trek: Enterprise,1.0,1.0,Broken Bow,2001-09-26,2001-09-26,,1,,
623,6,Star Trek: Enterprise,1.0,3.0,Fight or Flight,2001-10-03,2001-10-03,,3,,
624,6,Star Trek: Enterprise,1.0,4.0,Strange New World,2001-10-10,2001-10-10,,4,,
625,6,Star Trek: Enterprise,1.0,5.0,Unexpected,2001-10-17,2001-10-17,,5,,
626,6,Star Trek: Enterprise,1.0,6.0,Terra Nova,2001-10-24,2001-10-24,,6,,
627,6,Star Trek: Enterprise,1.0,7.0,The Andorian Incident,2001-10-31,2001-10-31,,7,,
628,6,Star Trek: Enterprise,1.0,8.0,Breaking the Ice,2001-11-07,2001-11-07,,8,,
629,6,Star Trek: Enterprise,1.0,9.0,Civilization,2001-11-14,2001-11-14,,9,,
630,6,Star Trek: Enterprise,1.0,10.0,Fortunate Son,2001-11-21,2001-11-21,,10,,
631,6,Star Trek: Enterprise,1.0,11.0,Cold Front,2001-11-28,2001-11-28,,11,,
632,6,Star Trek: Enterprise,1.0,12.0,Silent Enemy,2002-01-16,2002-01-16,,12,,
633,6,Star Trek: Enterprise,1.0,13.0,Dear Doctor,2002-01-23,2002-01-23,,13,,
634,6,Star Trek: Enterprise,1.0,14.0,Sleeping Dogs,2002-01-30,2002-01-30,,15,,
635,6,Star Trek: Enterprise,1.0,15.0,Shadows of P’Jem,2002-02-06,2002-02-06,,14,,
636,6,Star Trek: Enterprise,1.0,16.0,Shuttlepod One,2002-02-13,2002-02-13,,16,,
637,6,Star Trek: Enterprise,1.0,17.0,Fusion,2002-02-27,2002-02-27,,17,,
638,6,Star Trek: Enterprise,1.0,18.0,Rogue Planet,2002-03-20,2002-03-20,,18,,
639,6,Star Trek: Enterprise,1.0,19.0,Acquisition,2002-03-27,2002-03-27,,19,,
640,6,Star Trek: Enterprise,1.0,20.0,Oasis,2002-04-03,2002-04-03,,20,,
641,6,Star Trek: Enterprise,1.0,21.0,Detained,2002-04-24,2002-04-24,,21,,
642,6,Star Trek: Enterprise,1.0,22.0,Vox Sola,2002-05-01,2002-05-01,,22,,
643,6,Star Trek: Enterprise,1.0,23.0,Fallen Hero,2002-05-08,2002-05-08,,23,,
644,6,Star Trek: Enterprise,1.0,24.0,Desert Crossing,2002-05-08,2002-05-08,,24,,
645,6,Star Trek: Enterprise,1.0,25.0,Two Days and Two Nights,2002-05-15,2002-05-15,,25,,
646,6,Star Trek: Enterprise,1.0,26.0,Shockwave,2002-05-22,2002-05-22,,26,,
647,6,Star Trek: Enterprise,2.0,1.0,"Shockwave, Part II",2002-09-18,2002-09-18,,28,,
648,6,Star Trek: Enterprise,2.0,2.0,Carbon Creek,2002-09-25,2002-09-25,,27,,
649,6,Star Trek: Enterprise,2.0,3.0,Minefield,2002-10-02,2002-10-02,,29,,
650,6,Star Trek: Enterprise,2.0,4.0,Dead Stop,2002-10-09,2002-10-09,,31,,
651,6,Star Trek: Enterprise,2.0,5.0,A Night in Sickbay,2002-10-16,2002-10-16,,30,,
652,6,Star Trek: Enterprise,2.0,6.0,Marauders,2002-10-30,2002-10-30,,32,,
653,6,Star Trek: Enterprise,2.0,7.0,The Seventh,2002-11-06,2002-11-06,,33,,
654,6,Star Trek: Enterprise,2.0,8.0,The Communicator,2002-11-13,2002-11-13,,34,,
655,6,Star Trek: Enterprise,2.0,9.0,Singularity,2002-11-20,2002-11-20,,35,,
656,6,Star Trek: Enterprise,2.0,10.0,Vanishing Point,2002-11-27,2002-11-27,,36,,
657,6,Star Trek: Enterprise,2.0,11.0,Precious Cargo,2002-12-11,2002-12-11,,37,,
658,6,Star Trek: Enterprise,2.0,12.0,The Catwalk,2002-12-18,2002-12-18,,38,,
659,6,Star Trek: Enterprise,2.0,13.0,Dawn,2003-01-08,2003-01-08,,39,,
660,6,Star Trek: Enterprise,2.0,14.0,Stigma,2003-02-05,2003-02-05,,40,,
661,6,Star Trek: Enterprise,2.0,15.0,Cease Fire,2003-02-12,2003-02-12,,41,,
662,6,Star Trek: Enterprise,2.0,16.0,Future Tense,2003-02-19,2003-02-19,,42,,
663,6,Star Trek: Enterprise,2.0,17.0,Canamar,2003-02-26,2003-02-26,,43,,
664,6,Star Trek: Enterprise,2.0,18.0,The Crossing,2003-04-02,2003-04-02,,44,,
665,6,Star Trek: Enterprise,2.0,19.0,Judgment,2003-04-09,2003-04-09,,45,,
666,6,Star Trek: Enterprise,2.0,20.0,Horizon,2003-04-16,2003-04-16,,46,,
667,6,Star Trek: Enterprise,2.0,21.0,The Breach,2003-04-23,2003-04-23,,47,,
668,6,Star Trek: Enterprise,2.0,22.0,Cogenitor,2003-04-30,2003-04-30,,48,,
669,6,Star Trek: Enterprise,2.0,23.0,Regeneration,2003-05-07,2003-05-07,,49,,
670,6,Star Trek: Enterprise,2.0,24.0,First Flight,2003-05-14,2003-05-14,,50,,
671,6,Star Trek: Enterprise,2.0,25.0,Bounty,2003-05-14,2003-05-14,,51,,
672,6,Star Trek: Enterprise,2.0,26.0,The Expanse,2003-05-21,2003-05-21,,52,,
673,6,Star Trek: Enterprise,3.0,1.0,The Xindi,2003-09-10,2003-09-10,,53,,
674,6,Star Trek: Enterprise,3.0,2.0,Anomaly,2003-09-17,2003-09-17,,54,,
675,6,Star Trek: Enterprise,3.0,3.0,Extinction,2003-09-24,2003-09-24,,55,,
676,6,Star Trek: Enterprise,3.0,4.0,Rajiin,2003-10-01,2003-10-01,,56,,
677,6,Star Trek: Enterprise,3.0,5.0,Impulse,2003-10-08,2003-10-08,,57,,
678,6,Star Trek: Enterprise,3.0,6.0,Exile,2003-10-15,2003-10-15,,58,,
679,6,Star Trek: Enterprise,3.0,7.0,The Shipment,2003-10-29,2003-10-29,,59,,
680,6,Star Trek: Enterprise,3.0,8.0,Twilight,2003-11-05,2003-11-05,,60,,
681,6,Star Trek: Enterprise,3.0,9.0,North Star,2003-11-12,2003-11-12,,61,,
682,6,Star Trek: Enterprise,3.0,10.0,Similitude,2003-11-19,2003-11-19,,62,,
683,6,Star Trek: Enterprise,3.0,11.0,Carpenter Street,2003-11-26,2003-11-26,,63,,
684,6,Star Trek: Enterprise,3.0,12.0,Chosen Realm,2004-01-14,2004-01-14,,64,,
685,6,Star Trek: Enterprise,3.0,13.0,Proving Ground,2004-01-21,2004-01-21,,65,,
686,6,Star Trek: Enterprise,3.0,14.0,Stratagem,2004-02-04,2004-02-04,,66,,
687,6,Star Trek: Enterprise,3.0,15.0,Harbinger,2004-02-11,2004-02-11,,67,,
688,6,Star Trek: Enterprise,3.0,16.0,Doctor’s Orders,2004-02-18,2004-02-18,,68,,
689,6,Star Trek: Enterprise,3.0,17.0,Hatchery,2004-02-25,2004-02-25,,69,,
690,6,Star Trek: Enterprise,3.0,18.0,Azati Prime,2004-03-03,2004-03-03,,70,,
691,6,Star Trek: Enterprise,3.0,19.0,Damage,2004-04-21,2004-04-21,,71,,
692,6,Star Trek: Enterprise,3.0,20.0,The Forgotten,2004-04-28,2004-04-28,,72,,
693,6,Star Trek: Enterprise,3.0,21.0,E²,2004-05-05,2004-05-05,,73,,
694,6,Star Trek: Enterprise,3.0,22.0,The Council,2004-05-12,2004-05-12,,74,,
695,6,Star Trek: Enterprise,3.0,23.0,Countdown,2004-05-19,2004-05-19,,75,,
696,6,Star Trek: Enterprise,3.0,24.0,Zero Hour,2004-05-26,2004-05-26,,76,,
697,6,Star Trek: Enterprise,4.0,1.0,Storm Front,2004-10-08,2004-10-08,,77,,
698,6,Star Trek: Enterprise,4.0,2.0,"Storm Front, Part II",2004-10-15,2004-10-15,,78,,
699,6,Star Trek: Enterprise,4.0,3.0,Home,2004-10-22,2004-10-22,,79,,
700,6,Star Trek: Enterprise,4.0,4.0,Borderland,2004-10-29,2004-10-29,,80,,
701,6,Star Trek: Enterprise,4.0,5.0,Cold Station 12,2004-11-05,2004-11-05,,81,,
702,6,Star Trek: Enterprise,4.0,6.0,The Augments,2004-11-12,2004-11-12,,82,,
703,6,Star Trek: Enterprise,4.0,7.0,The Forge,2004-11-19,2004-11-19,,83,,
704,6,Star Trek: Enterprise,4.0,8.0,Awakening,2004-11-26,2004-11-26,,84,,
705,6,Star Trek: Enterprise,4.0,9.0,Kir’Shara,2004-12-03,2004-12-03,,85,,
706,6,Star Trek: Enterprise,4.0,10.0,Daedalus,2005-01-14,2005-01-14,,86,,
707,6,Star Trek: Enterprise,4.0,11.0,Observer Effect,2005-01-21,2005-01-21,,87,,
708,6,Star Trek: Enterprise,4.0,12.0,Babel One,2005-01-28,2005-01-28,,88,,
709,6,Star Trek: Enterprise,4.0,13.0,United,2005-02-04,2005-02-04,,89,,
710,6,Star Trek: Enterprise,4.0,14.0,The Aenar,2005-02-11,2005-02-11,,90,,
711,6,Star Trek: Enterprise,4.0,15.0,Affliction,2005-02-18,2005-02-18,,91,,
712,6,Star Trek: Enterprise,4.0,16.0,Divergence,2005-02-25,2005-02-25,,92,,
713,6,Star Trek: Enterprise,4.0,17.0,Bound,2005-04-15,2005-04-15,,93,,
714,6,Star Trek: Enterprise,4.0,18.0,"In a Mirror, Darkly",2005-04-22,2005-04-22,,94,,
715,6,Star Trek: Enterprise,4.0,19.0,"In a Mirror, Darkly, Part II",2005-04-29,2005-04-29,,95,,
716,6,Star Trek: Enterprise,4.0,20.0,Demons,2005-05-06,2005-05-06,,96,,
717,6,Star Trek: Enterprise,4.0,21.0,Terra Prime,2005-05-13,2005-05-13,,97,,
718,6,Star Trek: Enterprise,4.0,22.0,These Are the Voyages…,2005-05-13,2005-05-13,,98,47457.1,
838,11,Star Trek: Lower Decks,1.0,1.0,Second Contact,2020-08-06,2020-08-06,,LD-1001,57436.2,
839,11,Star Trek: Lower Decks,1.0,2.0,Envoys,2020-08-13,2020-08-13,,LD-1002,,
840,11,Star Trek: Lower Decks,1.0,3.0,Temporal Edict,2020-08-20,2020-08-20,,LD-1003,57501.4,
841,11,Star Trek: Lower Decks,1.0,4.0,Moist Vessel,2020-08-27,2020-08-27,,LD-1004,57538.9,
842,11,Star Trek: Lower Decks,1.0,5.0,Cupid’s Errant Arrow,2020-09-03,2020-09-03,,LD-1005,57601.3,
843,11,Star Trek: Lower Decks,1.0,6.0,Terminal Provocations,2020-09-10,2020-09-10,,LD-1006,57663.9,
844,11,Star Trek: Lower Decks,1.0,7.0,Much Ado About Boimler,2020-09-17,2020-09-17,,LD-1007,57752.6,
845,11,Star Trek: Lower Decks,1.0,8.0,Veritas,2020-09-24,2020-09-24,,LD-1008,57791.1,
846,11,Star Trek: Lower Decks,1.0,9.0,Crisis Point,2020-10-01,2020-10-01,,LD-1009,,
847,11,Star Trek: Lower Decks,1.0,10.0,No Small Parts,2020-10-08,2020-10-08,,LD-1010,,
848,11,Star Trek: Lower Decks,2.0,1.0,Strange Energies,2021-08-12,2021-08-12,,LD-2001,,
849,11,Star Trek: Lower Decks,2.0,2.0,"Kayshon, His Eyes Open",2021-08-19,2021-08-19,,LD-2002,58001.2,
850,11,Star Trek: Lower Decks,2.0,3.0,We’ll Always Have Tom Paris,2021-08-26,2021-08-26,,LD-2003,,
851,11,Star Trek: Lower Decks,2.0,4.0,"Mugato, Gumato",2021-09-02,2021-09-02,,LD-2004,58036.4,
852,11,Star Trek: Lower Decks,2.0,5.0,An Embarrassment of Dooplers,2021-09-09,2021-09-09,,LD-2005,58053.9,
853,11,Star Trek: Lower Decks,2.0,6.0,The Spy Humongous,2021-09-16,2021-09-16,,LD-2006,58105.1,
854,11,Star Trek: Lower Decks,2.0,7.0,Where Pleasant Fountains Lie,2021-09-23,2021-09-23,,LD-2007,,
855,11,Star Trek: Lower Decks,2.0,8.0,"I, Excretus",2021-09-30,2021-09-30,,LD-2008,,
856,11,Star Trek: Lower Decks,2.0,9.0,wej Duj,2021-10-07,2021-10-07,,LD-2009,,
857,11,Star Trek: Lower Decks,2.0,10.0,First First Contact,2021-10-14,2021-10-14,,LD-2010,58130.6,
858,11,Star Trek: Lower Decks,3.0,1.0,Grounded,2022-08-25,2022-08-25,,LD-3001,,
859,11,Star Trek: Lower Decks,3.0,2.0,The Least Dangerous Game,2022-09-01,2022-09-01,,LD-3002,,
860,11,Star Trek: Lower Decks,3.0,3.0,Mining the Mind’s Mines,2022-09-08,2022-09-08,,LD-3003,58256.2,
861,11,Star Trek: Lower Decks,3.0,4.0,Room for Growth,2022-09-15,2022-09-15,,LD-3004,,
862,11,Star Trek: Lower Decks,3.0,5.0,Reflections,2022-09-22,2022-09-22,,LD-3005,58354.2,
863,11,Star Trek: Lower Decks,3.0,6.0,"Hear All, Trust Nothing",2022-09-29,2022-09-29,,LD-3006,58456.2,
864,11,Star Trek: Lower Decks,3.0,7.0,A Mathematically Perfect Redemption,2022-10-06,2022-10-06,,LD-3007,,
865,11,Star Trek: Lower Decks,3.0,8.0,Crisis Point 2: Paradoxus,2022-10-13,2022-10-13,,LD-3008,,
866,11,Star Trek: Lower Decks,3.0,9.0,Trusted Sources,2022-10-20,2022-10-20,,LD-3009,58496.1,
867,11,Star Trek: Lower Decks,3.0,10.0,The Stars at Night,2022-10-27,2022-10-27,,LD-3010,58499.2,
868,11,Star Trek: Lower Decks,4.0,1.0,Twovix,2023-09-07,2023-09-07,,LD-4001,58724.3,
869,11,Star Trek: Lower Decks,4.0,2.0,I Have No Bones Yet I Must Flee,2023-09-07,2023-09-07,,LD-4002,,
870,11,Star Trek: Lower Decks,4.0,3.0,In the Cradle of Vexilon,2023-09-14,2023-09-14,,LD-4003,58759.1,
871,11,Star Trek: Lower Decks,4.0,4.0,"Something Borrowed, Something Green",2023-09-21,2023-09-21,,LD-4004,,
872,11,Star Trek: Lower Decks,4.0,5.0,Empathological Fallacies,2023-09-28,2023-09-28,,LD-4005,,
873,11,Star Trek: Lower Decks,4.0,6.0,Parth Ferengi’s Heart Place,2023-10-05,2023-10-05,,LD-4006,58901.5,
874,11,Star Trek: Lower Decks,4.0,7.0,A Few Badgeys More,2023-10-12,2023-10-12,,LD-4007,58934.9,
875,11,Star Trek: Lower Decks,4.0,8.0,Caves,2023-10-19,2023-10-19,,LD-4008,,
876,11,Star Trek: Lower Decks,4.0,9.0,The Inner Fight,2023-10-26,2023-10-26,,LD-4009,,
877,11,Star Trek: Lower Decks,4.0,10.0,"Old Friends, New Planets",2023-11-02,2023-11-02,,LD-4010,,
878,11,Star Trek: Lower Decks,5.0,1.0,Dos Cerritos,2024-10-24,2024-10-24,,LD-5001,,
879,11,Star Trek: Lower Decks,5.0,2.0,Shades of Green,2024-10-24,2024-10-24,,LD-5002,59376.9,
880,11,Star Trek: Lower Decks,5.0,3.0,The Best Exotic Nanite Hotel,2024-10-31,2024-10-31,,LD-5003,59393.7,
881,11,Star Trek: Lower Decks,5.0,4.0,A Farewell to Farms,2024-11-07,2024-11-07,,LD-5004,,
882,11,Star Trek: Lower Decks,5.0,5.0,Starbase 80?!,2024-11-14,2024-11-14,,LD-5005,,
883,11,Star Trek: Lower Decks,5.0,6.0,Of Gods and Angels,2024-11-21,2024-11-21,,LD-5006,59482.3,
884,11,Star Trek: Lower Decks,5.0,7.0,Fully Dilated,2024-11-28,2024-11-28,,LD-5007,59499.6,
885,11,Star Trek: Lower Decks,5.0,8.0,Upper Decks,2024-12-05,2024-12-05,,LD-5008,,
886,11,Star Trek: Lower Decks,5.0,9.0,Fissure Quest,2024-12-12,2024-12-12,,LD-5009,,
887,11,Star Trek: Lower Decks,5.0,10.0,The New Next Generation,2024-12-19,2024-12-19,,LD-5010,,
808,10,Star Trek: Picard,1.0,1.0,Remembrance,2020-01-23,2020-01-23,,101,,
809,10,Star Trek: Picard,1.0,2.0,Maps and Legends,2020-01-30,2020-01-30,,102a,,
810,10,Star Trek: Picard,1.0,3.0,The End is the Beginning,2020-02-06,2020-02-06,,102b,,
811,10,Star Trek: Picard,1.0,4.0,Absolute Candor,2020-02-13,2020-02-13,,103,,
812,10,Star Trek: Picard,1.0,5.0,Stardust City Rag,2020-02-20,2020-02-20,,104,,
813,10,Star Trek: Picard,1.0,6.0,The Impossible Box,2020-02-27,2020-02-27,,105,,
814,10,Star Trek: Picard,1.0,7.0,Nepenthe,2020-03-05,2020-03-05,,106,,
815,10,Star Trek: Picard,1.0,8.0,Broken Pieces,2020-03-12,2020-03-12,,107,,
816,10,Star Trek: Picard,1.0,9.0,"Et in Arcadia Ego, Part 1",2020-03-19,2020-03-19,,108,,
817,10,Star Trek: Picard,1.0,10.0,"Et in Arcadia Ego, Part 2",2020-03-26,2020-03-26,,109,,
818,10,Star Trek: Picard,2.0,1.0,The Star Gazer,2022-03-03,2022-03-03,,201,,
819,10,Star Trek: Picard,2.0,2.0,Penance,2022-03-10,2022-03-10,,202,,
820,10,Star Trek: Picard,2.0,3.0,Assimilation,2022-03-17,2022-03-17,,203,,
821,10,Star Trek: Picard,2.0,4.0,Watcher,2022-03-24,2022-03-24,,204,,
822,10,Star Trek: Picard,2.0,5.0,Fly Me to the Moon,2022-03-31,2022-03-31,,205,,
823,10,Star Trek: Picard,2.0,6.0,Two of One,2022-04-07,2022-04-07,,206,,
824,10,Star Trek: Picard,2.0,7.0,Monsters,2022-04-14,2022-04-14,,207,,
825,10,Star Trek: Picard,2.0,8.0,Mercy,2022-04-21,2022-04-21,,208,,
826,10,Star Trek: Picard,2.0,9.0,Hide and Seek,2022-04-28,2022-04-28,,209,,
827,10,Star Trek: Picard,2.0,10.0,Farewell,2022-05-05,2022-05-05,,301,,
828,10,Star Trek: Picard,3.0,1.0,The Next Generation,2023-02-16,2023-02-16,,302,,
829,10,Star Trek: Picard,3.0,2.0,Disengage,2023-02-23,2023-02-23,,303,,
830,10,Star Trek: Picard,3.0,3.0,Seventeen Seconds,2023-03-02,2023-03-02,,304,,
831,10,Star Trek: Picard,3.0,4.0,No Win Scenario,2023-03-09,2023-03-09,,305,78183.1,
832,10,Star Trek: Picard,3.0,5.0,Imposters,2023-03-16,2023-03-16,,306,78186.03,
833,10,Star Trek: Picard,3.0,6.0,The Bounty,2023-03-23,2023-03-23,,307,,
834,10,Star Trek: Picard,3.0,7.0,Dominion,2023-03-30,2023-03-30,,307,,
835,10,Star Trek: Picard,3.0,8.0,Surrender,2023-04-06,2023-04-06,,308,,
836,10,Star Trek: Picard,3.0,9.0,Võx,2023-04-13,2023-04-13,,309,,
837,10,Star Trek: Picard,3.0,10.0,The Last Generation,2023-04-20,2023-04-20,,310,,
888,12,Star Trek: Prodigy,1.0,1.0,Lost and Found,2021-10-28,2021-10-28,,"101, 102",,
889,12,Star Trek: Prodigy,1.0,3.0,Starstruck,2021-11-04,2021-11-04,,103,,
890,12,Star Trek: Prodigy,1.0,4.0,Dream Catcher,2021-11-11,2021-11-11,,104,,
891,12,Star Trek: Prodigy,1.0,5.0,Terror Firma,2021-11-18,2021-11-18,,105,,
892,12,Star Trek: Prodigy,1.0,6.0,Kobayashi,2022-01-06,2022-01-06,,106,,
893,12,Star Trek: Prodigy,1.0,7.0,First Con‐tact,2022-01-13,2022-01-13,,107,,
894,12,Star Trek: Prodigy,1.0,8.0,Time Amok,2022-01-20,2022-01-20,,108,607125.6,
895,12,Star Trek: Prodigy,1.0,9.0,"A Moral Star, Part 1",2022-01-27,2022-01-27,,109,,
896,12,Star Trek: Prodigy,1.0,10.0,"A Moral Star, Part 2",2022-02-03,2022-02-03,,110,61103.1,
897,12,Star Trek: Prodigy,1.0,11.0,Asylum,2022-10-27,2022-10-27,,111,61209.5,
898,12,Star Trek: Prodigy,1.0,12.0,Let Sleeping Borg Lie,2022-11-03,2022-11-03,,112,61284.3,
899,12,Star Trek: Prodigy,1.0,13.0,All the World’s a Stage,2022-11-10,2022-11-10,,113,61296.9,
900,12,Star Trek: Prodigy,1.0,14.0,Crossroads,2022-11-17,2022-11-17,,114,61302.7,
901,12,Star Trek: Prodigy,1.0,15.0,Masquerade,2022-11-24,2022-11-24,,115,,
902,12,Star Trek: Prodigy,1.0,16.0,Preludes,2022-12-01,2022-12-01,,116,,
903,12,Star Trek: Prodigy,1.0,17.0,Ghost in the Machine,2022-12-08,2022-12-08,,117,,
904,12,Star Trek: Prodigy,1.0,18.0,Mindwalk,2022-12-15,2022-12-15,,118,,
905,12,Star Trek: Prodigy,1.0,19.0,"Supernova, Part 1",2022-12-22,2022-12-22,,119,,
906,12,Star Trek: Prodigy,1.0,20.0,"Supernova, Part 2",2022-12-29,2022-12-29,,120,,
907,12,Star Trek: Prodigy,2.0,1.0,"Into the Breach, Part I",2024-07-01,2024-07-01,,201,,
908,12,Star Trek: Prodigy,2.0,2.0,"Into the Breach, Part II",2024-07-01,2024-07-01,,202,61859.6,
909,12,Star Trek: Prodigy,2.0,3.0,Who Saves the Saviors,2024-07-01,2024-07-01,,203,61860.1,
910,12,Star Trek: Prodigy,2.0,4.0,Temporal Mechanics 101,2024-07-01,2024-07-01,,204,112152.1,
911,12,Star Trek: Prodigy,2.0,5.0,Observer’s Paradox,2024-07-01,2024-07-01,,205,61865.1,
912,12,Star Trek: Prodigy,2.0,6.0,Imposter Syndrome,2024-07-01,2024-07-01,,206,,
913,12,Star Trek: Prodigy,2.0,7.0,The Fast and the Curious,2024-07-01,2024-07-01,,207,61875.9,
914,12,Star Trek: Prodigy,2.0,8.0,Is There in Beauty No Truth?,2024-07-01,2024-07-01,,208,61881.4,
915,12,Star Trek: Prodigy,2.0,9.0,"The Devourer of All Things, Part I",2024-07-01,2024-07-01,,209,61886.6,
916,12,Star Trek: Prodigy,2.0,10.0,"The Devourer of All Things, Part II",2024-07-01,2024-07-01,,210,,
917,12,Star Trek: Prodigy,2.0,11.0,"Last Flight of the Protostar, Part I",2024-07-01,2024-07-01,,211,,
918,12,Star Trek: Prodigy,2.0,12.0,"Last Flight of the Protostar, Part II",2024-07-01,2024-07-01,,212,61898.2,
919,12,Star Trek: Prodigy,2.0,13.0,A Tribble Called Quest,2024-07-01,2024-07-01,,213,,
920,12,Star Trek: Prodigy,2.0,14.0,Cracked Mirror,2024-07-01,2024-07-01,,214,,
921,12,Star Trek: Prodigy,2.0,15.0,"Ascension, Part I",2024-07-01,2024-07-01,,215,61945.4,
922,12,Star Trek: Prodigy,2.0,16.0,"Ascension, Part II",2024-07-01,2024-07-01,,216,,
923,12,Star Trek: Prodigy,2.0,17.0,Brink,2024-07-01,2024-07-01,,217,62083.5,
924,12,Star Trek: Prodigy,2.0,18.0,Touch of Grey,2024-07-01,2024-07-01,,218,62091.1,
925,12,Star Trek: Prodigy,2.0,19.0,"Ouroboros, Part I",2024-07-01,2024-07-01,,219,,
926,12,Star Trek: Prodigy,2.0,20.0,"Ouroboros, Part II",2024-07-01,2024-07-01,,220,62314.8,
798,9,Star Trek: Short Treks,1.0,1.0,Runaway,2018-10-04,2018-10-04,,,,
799,9,Star Trek: Short Treks,1.0,2.0,Calypso,2018-11-08,2018-11-08,,,,
800,9,Star Trek: Short Treks,1.0,3.0,The Brightest Star,2018-12-06,2018-12-06,,,,
801,9,Star Trek: Short Treks,1.0,4.0,The Escape Artist,2019-01-03,2019-01-03,,,,
802,9,Star Trek: Short Treks,2.0,1.0,Q&A,2019-10-05,2019-10-05,,,,
803,9,Star Trek: Short Treks,2.0,2.0,The Trouble with Edward,2019-10-09,2019-10-09,,,,
804,9,Star Trek: Short Treks,2.0,3.0,Ask Not,2019-11-14,2019-11-14,,,,
805,9,Star Trek: Short Treks,2.0,4.0,Ephraim and Dot,2019-12-12,2019-12-12,,,,
806,9,Star Trek: Short Treks,2.0,5.0,The Girl Who Made the Stars,2019-12-12,2019-12-12,,,,
807,9,Star Trek: Short Treks,2.0,6.0,Children of Mars,2020-01-09,2020-01-09,,,,
932,14,Star Trek: Strange New Worlds,1.0,1.0,Strange New Worlds,2022-05-05,2022-05-05,,101,1739.12,
933,14,Star Trek: Strange New Worlds,1.0,2.0,Children of the Comet,2022-05-12,2022-05-12,,102,2912.4,
934,14,Star Trek: Strange New Worlds,1.0,3.0,Ghosts of Illyria,2022-05-19,2022-05-19,,103,1224.3,
935,14,Star Trek: Strange New Worlds,1.0,4.0,Memento Mori,2022-05-26,2022-05-26,,104,3177.3,
936,14,Star Trek: Strange New Worlds,1.0,5.0,Spock Amok,2022-06-02,2022-06-02,,105,2341.4,
937,14,Star Trek: Strange New Worlds,1.0,6.0,Lift Us Where Suffering Cannot Reach,2022-06-09,2022-06-09,,106,1943.7,
938,14,Star Trek: Strange New Worlds,1.0,7.0,The Serene Squall,2022-06-16,2022-06-16,,107,1997.9,
939,14,Star Trek: Strange New Worlds,1.0,8.0,The Elysian Kingdom,2022-06-23,2022-06-23,,108,2341.6,
940,14,Star Trek: Strange New Worlds,1.0,9.0,All Those Who Wander,2022-06-30,2022-06-30,,109,2510.6,
941,14,Star Trek: Strange New Worlds,1.0,10.0,A Quality of Mercy,2022-07-07,2022-07-07,,110,1457.9,
942,14,Star Trek: Strange New Worlds,2.0,1.0,The Broken Circle,2023-06-15,2023-06-15,,111,2369.2,
943,14,Star Trek: Strange New Worlds,2.0,2.0,Ad Astra per Aspera,2023-06-22,2023-06-22,,112,2393.8,
944,14,Star Trek: Strange New Worlds,2.0,3.0,Tomorrow and Tomorrow and Tomorrow,2023-06-29,2023-06-29,,113,1581.2,
945,14,Star Trek: Strange New Worlds,2.0,4.0,Among the Lotus Eaters,2023-07-06,2023-07-06,,114,1630.1,
946,14,Star Trek: Strange New Worlds,2.0,5.0,Charades,2023-07-13,2023-07-13,,115,1789.3,
947,14,Star Trek: Strange New Worlds,2.0,6.0,Lost in Translation,2023-07-20,2023-07-20,,116,2394.8,
948,14,Star Trek: Strange New Worlds,2.0,7.0,Those Old Scientists,2023-07-22,2023-07-22,,117,"2291.6, 58460.1",
949,14,Star Trek: Strange New Worlds,2.0,8.0,Under the Cloak of War,2023-07-27,2023-07-27,,118,1875.4,
950,14,Star Trek: Strange New Worlds,2.0,9.0,Subspace Rhapsody,2023-08-03,2023-08-03,,119,2398.3,
951,14,Star Trek: Strange New Worlds,2.0,10.0,Hegemony,2023-08-10,2023-08-10,,120,2344.2,
952,14,Star Trek: Strange New Worlds,3.0,1.0,"Hegemony, Part II",2025-07-17,2025-07-17,,121,,
953,14,Star Trek: Strange New Worlds,3.0,2.0,Wedding Bell Blues,2025-07-17,2025-07-17,,122,2251.7,
954,14,Star Trek: Strange New Worlds,3.0,3.0,Shuttle to Kenfori,2025-07-24,2025-07-24,,123,2449.1,
955,14,Star Trek: Strange New Worlds,3.0,4.0,A Space Adventure Hour,2025-07-31,2025-07-31,,124,,
956,14,Star Trek: Strange New Worlds,3.0,5.0,Through the Lens of Time,2025-08-07,2025-08-07,,125,,
957,14,Star Trek: Strange New Worlds,3.0,6.0,The Sehlat Who Ate Its Tail,2025-08-14,2025-08-14,,126,,
958,14,Star Trek: Strange New Worlds,3.0,7.0,What Is Starfleet?,2025-08-21,2025-08-21,,127,,
959,14,Star Trek: Strange New Worlds,3.0,8.0,Four‐and‐a‐Half Vulcans,2025-08-28,2025-08-28,,128,,
960,14,Star Trek: Strange New Worlds,3.0,9.0,Terrarium,2025-09-04,2025-09-04,,129,,
961,14,Star Trek: Strange New Worlds,3.0,10.0,New Life and New Civilizations,2025-09-11,2025-09-11,,130,,
83,2,Star Trek: The Animated Series,1.0,1.0,Beyond the Farthest Star,1973-09-08,1973-09-08,,22004,5221.3,
84,2,Star Trek: The Animated Series,1.0,2.0,Yesteryear,1973-09-15,1973-09-15,,22003,5373.4,
85,2,Star Trek: The Animated Series,1.0,3.0,One of Our Planets Is Missing,1973-09-22,1973-09-22,,22007,5371.3,
86,2,Star Trek: The Animated Series,1.0,4.0,The Lorelei Signal,1973-09-29,1973-09-29,,22006,5483.7,
87,2,Star Trek: The Animated Series,1.0,5.0,"More Tribbles, More Troubles",1973-10-06,1973-10-06,,22001,5392.4,
88,2,Star Trek: The Animated Series,1.0,6.0,The Survivor,1973-10-13,1973-10-13,,22005,5143.3,
89,2,Star Trek: The Animated Series,1.0,7.0,The Infinite Vulcan,1973-10-20,1973-10-20,,22002,5554.4,
90,2,Star Trek: The Animated Series,1.0,8.0,The Magicks of Megas‐Tu,1973-10-27,1973-10-27,,22009,1254.4,
91,2,Star Trek: The Animated Series,1.0,9.0,Once Upon a Planet,1973-11-03,1973-11-03,,22017,5591.2,
92,2,Star Trek: The Animated Series,1.0,10.0,Mudd’s Passion,1973-11-10,1973-11-10,,22008,4978.5,
93,2,Star Trek: The Animated Series,1.0,11.0,The Terratin Incident,1973-11-17,1973-11-17,,22015,5577.3,
94,2,Star Trek: The Animated Series,1.0,12.0,The Time Trap,1973-11-24,1973-11-24,,22010,5267.2,
95,2,Star Trek: The Animated Series,1.0,13.0,The Ambergris Element,1973-12-01,1973-12-01,,22013,5499.9,
96,2,Star Trek: The Animated Series,1.0,14.0,The Slaver Weapon,1973-12-15,1973-12-15,,22011,4187.3,
97,2,Star Trek: The Animated Series,1.0,15.0,The Eye of the Beholder,1974-01-05,1974-01-05,,22016,5501.2,
98,2,Star Trek: The Animated Series,1.0,16.0,The Jihad,1974-01-12,1974-01-12,,22014,5683.1,
99,2,Star Trek: The Animated Series,2.0,1.0,The Pirates of Orion,1974-09-07,1974-09-07,,22020,6334.1,
100,2,Star Trek: The Animated Series,2.0,2.0,Bem,1974-09-14,1974-09-14,,22018,7403.6,
101,2,Star Trek: The Animated Series,2.0,3.0,The Practical Joker,1974-09-21,1974-09-21,,22021,3183.3,
102,2,Star Trek: The Animated Series,2.0,4.0,Albatross,1974-09-28,1974-09-28,,22019,5275.6,
103,2,Star Trek: The Animated Series,2.0,5.0,How Sharper Than a Serpent’s Tooth,1974-10-05,1974-10-05,,22022,6063.4,
104,2,Star Trek: The Animated Series,2.0,6.0,The Counter‐Clock Incident,1974-10-12,1974-10-12,,22023,6770.1,
105,3,Star Trek: The Next Generation,1.0,1.0,Encounter at Farpoint,1987-09-28,1987-09-28,,721,41153.7,
106,3,Star Trek: The Next Generation,1.0,3.0,The Naked Now,1987-10-05,1987-10-05,,40271-103,41209.2,
107,3,Star Trek: The Next Generation,1.0,4.0,Code of Honor,1987-10-12,1987-10-12,,40271-104,41235.25,
108,3,Star Trek: The Next Generation,1.0,5.0,The Last Outpost,1987-10-19,1987-10-19,,40271-107,41386.4,
109,3,Star Trek: The Next Generation,1.0,6.0,Where No One Has Gone Before,1987-10-26,1987-10-26,,40271-106,41263.1,
110,3,Star Trek: The Next Generation,1.0,7.0,Lonely Among Us,1987-11-02,1987-11-02,,40271-108,41249.3,
111,3,Star Trek: The Next Generation,1.0,8.0,Justice,1987-11-09,1987-11-09,,40271-109,41255.6,
112,3,Star Trek: The Next Generation,1.0,9.0,The Battle,1987-11-16,1987-11-16,,40271-110,41723.9,
113,3,Star Trek: The Next Generation,1.0,10.0,Hide and Q,1987-11-23,1987-11-23,,40271-111,41590.5,
114,3,Star Trek: The Next Generation,1.0,11.0,Haven,1987-11-30,1987-11-30,,40271-105,41294.5,
115,3,Star Trek: The Next Generation,1.0,12.0,The Big Goodbye,1988-01-11,1988-01-11,,40271-113,41997.7,
116,3,Star Trek: The Next Generation,1.0,13.0,Datalore,1988-01-18,1988-01-18,,40271-114,41242.4,
117,3,Star Trek: The Next Generation,1.0,14.0,Angel One,1988-01-25,1988-01-25,,40271-115,41636.9,
118,3,Star Trek: The Next Generation,1.0,15.0,11001001,1988-02-01,1988-02-01,,40271-116,41365.9,
119,3,Star Trek: The Next Generation,1.0,16.0,Too Short a Season,1988-02-08,1988-02-08,,40271-112,41309.5,
120,3,Star Trek: The Next Generation,1.0,17.0,When the Bough Breaks,1988-02-15,1988-02-15,,40271-118,41509.1,
121,3,Star Trek: The Next Generation,1.0,18.0,Home Soil,1988-02-22,1988-02-22,,40271-117,41463.9,
122,3,Star Trek: The Next Generation,1.0,19.0,Coming of Age,1988-03-14,1988-03-14,,40271-119,41461.2,
123,3,Star Trek: The Next Generation,1.0,20.0,Heart of Glory,1988-03-21,1988-03-21,,40271-120,41503.7,
124,3,Star Trek: The Next Generation,1.0,21.0,The Arsenal of Freedom,1988-04-11,1988-04-11,,40271-121,41798.2,
125,3,Star Trek: The Next Generation,1.0,22.0,Symbiosis,1988-04-18,1988-04-18,,40271-123,,
126,3,Star Trek: The Next Generation,1.0,23.0,Skin of Evil,1988-04-25,1988-04-25,,40271-122,41601.3,
127,3,Star Trek: The Next Generation,1.0,24.0,We’ll Always Have Paris,1988-05-02,1988-05-02,,40271-124,41697.3,
128,3,Star Trek: The Next Generation,1.0,25.0,Conspiracy,1988-05-09,1988-05-09,,40271-125,41775.5,
129,3,Star Trek: The Next Generation,1.0,26.0,The Neutral Zone,1988-05-16,1988-05-16,,40271-126,41986,
130,3,Star Trek: The Next Generation,2.0,1.0,The Child,1988-11-21,1988-11-21,,40272-127,42073.1,
131,3,Star Trek: The Next Generation,2.0,2.0,Where Silence Has Lease,1988-11-28,1988-11-28,,40272-128,42193.6,
132,3,Star Trek: The Next Generation,2.0,3.0,"Elementary, Dear Data",1988-12-05,1988-12-05,,40272-129,42286.3,
133,3,Star Trek: The Next Generation,2.0,4.0,The Outrageous Okona,1988-12-12,1988-12-12,,40272-130,42402.7,
134,3,Star Trek: The Next Generation,2.0,5.0,Loud as a Whisper,1989-01-09,1989-01-09,,40272-132,42477.2,
135,3,Star Trek: The Next Generation,2.0,6.0,The Schizoid Man,1989-01-23,1989-01-23,,40272-131,42437.5,
136,3,Star Trek: The Next Generation,2.0,7.0,Unnatural Selection,1989-01-30,1989-01-30,,40272-133,42494.8,
137,3,Star Trek: The Next Generation,2.0,8.0,A Matter of Honor,1989-02-06,1989-02-06,,40272-134,42506.5,
138,3,Star Trek: The Next Generation,2.0,9.0,The Measure of a Man,1989-02-13,1989-02-13,,40272-135,42523.7,
139,3,Star Trek: The Next Generation,2.0,10.0,The Dauphin,1989-02-20,1989-02-20,,40272-136,42568.8,
140,3,Star Trek: The Next Generation,2.0,11.0,Contagion,1989-03-20,1989-03-20,,40272-137,42609.1,
141,3,Star Trek: The Next Generation,2.0,12.0,The Royale,1989-03-27,1989-03-27,,40272-138,42625.4,
142,3,Star Trek: The Next Generation,2.0,13.0,Time Squared,1989-04-03,1989-04-03,,40272-139,42679.2,
143,3,Star Trek: The Next Generation,2.0,14.0,The Icarus Factor,1989-04-24,1989-04-24,,40272-140,42686.4,
144,3,Star Trek: The Next Generation,2.0,15.0,Pen Pals,1989-05-01,1989-05-01,,40272-141,42695.3,
145,3,Star Trek: The Next Generation,2.0,16.0,Q Who,1989-05-08,1989-05-08,,40272-142,42761.3,
146,3,Star Trek: The Next Generation,2.0,17.0,Samaritan Snare,1989-05-15,1989-05-15,,40272-143,42779.1,
147,3,Star Trek: The Next Generation,2.0,18.0,Up the Long Ladder,1989-05-22,1989-05-22,,40272-144,42823.2,
148,3,Star Trek: The Next Generation,2.0,19.0,Manhunt,1989-06-19,1989-06-19,,40272-145,42859.2,
149,3,Star Trek: The Next Generation,2.0,20.0,The Emissary,1989-06-26,1989-06-26,,40272-146,42901.3,
150,3,Star Trek: The Next Generation,2.0,21.0,Peak Performance,1989-07-10,1989-07-10,,40272-147,42923.4,
151,3,Star Trek: The Next Generation,2.0,22.0,Shades of Gray,1989-07-17,1989-07-17,,40272-148,42976.1,
152,3,Star Trek: The Next Generation,3.0,1.0,Evolution,1989-09-25,1989-09-25,,40273-150,43125.8,
153,3,Star Trek: The Next Generation,3.0,2.0,The Ensigns of Command,1989-10-02,1989-10-02,,40273-149,43133.3,
154,3,Star Trek: The Next Generation,3.0,3.0,The Survivors,1989-10-09,1989-10-09,,40273-151,43152.4,
155,3,Star Trek: The Next Generation,3.0,4.0,Who Watches the Watchers,1989-10-16,1989-10-16,,40273-152,43173.5,
156,3,Star Trek: The Next Generation,3.0,5.0,The Bonding,1989-10-23,1989-10-23,,40273-153,43198.7,
157,3,Star Trek: The Next Generation,3.0,6.0,Booby Trap,1989-10-30,1989-10-30,,40273-154,43205.6,
158,3,Star Trek: The Next Generation,3.0,7.0,The Enemy,1989-11-06,1989-11-06,,40273-155,43349.2,
159,3,Star Trek: The Next Generation,3.0,8.0,The Price,1989-11-13,1989-11-13,,40273-156,43385.6,
160,3,Star Trek: The Next Generation,3.0,9.0,The Vengeance Factor,1989-11-20,1989-11-20,,40273-157,43421.9,
161,3,Star Trek: The Next Generation,3.0,10.0,The Defector,1990-01-01,1990-01-01,,40273-158,43462.5,
162,3,Star Trek: The Next Generation,3.0,11.0,The Hunted,1990-01-08,1990-01-08,,40273-159,43489.2,
163,3,Star Trek: The Next Generation,3.0,12.0,The High Ground,1990-01-29,1990-01-29,,40273-160,43510.7,
164,3,Star Trek: The Next Generation,3.0,13.0,Deja Q,1990-02-05,1990-02-05,,40273-161,43539.1,
165,3,Star Trek: The Next Generation,3.0,14.0,A Matter of Perspective,1990-02-12,1990-02-12,,40273-162,43610.4,
166,3,Star Trek: The Next Generation,3.0,15.0,Yesterday’s Enterprise,1990-02-19,1990-02-19,,40273-163,43625.2,
167,3,Star Trek: The Next Generation,3.0,16.0,The Offspring,1990-03-12,1990-03-12,,40273-164,43657,
168,3,Star Trek: The Next Generation,3.0,17.0,Sins of the Father,1990-03-19,1990-03-19,,40273-165,43685.2,
169,3,Star Trek: The Next Generation,3.0,18.0,Allegiance,1990-03-26,1990-03-26,,40273-166,43714.1,
170,3,Star Trek: The Next Generation,3.0,19.0,Captain’s Holiday,1990-04-02,1990-04-02,,40273-167,43745.2,
171,3,Star Trek: The Next Generation,3.0,20.0,Tin Man,1990-04-23,1990-04-23,,40273-168,43779.3,
172,3,Star Trek: The Next Generation,3.0,21.0,Hollow Pursuits,1990-04-30,1990-04-30,,40273-169,43807.4,
173,3,Star Trek: The Next Generation,3.0,22.0,The Most Toys,1990-05-07,1990-05-07,,40273-170,43872.2,
174,3,Star Trek: The Next Generation,3.0,23.0,Sarek,1990-05-14,1990-05-14,,40273-171,43917.4,
175,3,Star Trek: The Next Generation,3.0,24.0,Ménage à Troi,1990-05-28,1990-05-28,,40273-172,43930.7,
176,3,Star Trek: The Next Generation,3.0,25.0,Transfigurations,1990-06-04,1990-06-04,,40273-173,43957.5,
177,3,Star Trek: The Next Generation,3.0,26.0,The Best of Both Worlds,1990-06-18,1990-06-18,,40273-174,43989.1,
178,3,Star Trek: The Next Generation,4.0,1.0,"The Best of Both Worlds, Part II",1990-09-24,1990-09-24,,40274-175,44001.4,
179,3,Star Trek: The Next Generation,4.0,2.0,Family,1990-10-01,1990-10-01,,40274-178,44012.3,
180,3,Star Trek: The Next Generation,4.0,3.0,Brothers,1990-10-08,1990-10-08,,40274-177,44085.7,
181,3,Star Trek: The Next Generation,4.0,4.0,Suddenly Human,1990-10-15,1990-10-15,,40274-176,44143.7,
182,3,Star Trek: The Next Generation,4.0,5.0,Remember Me,1990-10-22,1990-10-22,,40274-179,44161.2,
183,3,Star Trek: The Next Generation,4.0,6.0,Legacy,1990-10-29,1990-10-29,,40274-180,44215.2,
184,3,Star Trek: The Next Generation,4.0,7.0,Reunion,1990-11-05,1990-11-05,,40274-181,44246.3,
185,3,Star Trek: The Next Generation,4.0,8.0,Future Imperfect,1990-11-12,1990-11-12,,40274-182,44286.5,
186,3,Star Trek: The Next Generation,4.0,9.0,Final Mission,1990-11-19,1990-11-19,,40274-183,44307.3,
187,3,Star Trek: The Next Generation,4.0,10.0,The Loss,1990-12-31,1990-12-31,,40274-184,44356.9,
188,3,Star Trek: The Next Generation,4.0,11.0,Data’s Day,1991-01-07,1991-01-07,,40274-185,44390.1,
189,3,Star Trek: The Next Generation,4.0,12.0,The Wounded,1991-01-28,1991-01-28,,40274-186,44429.6,
190,3,Star Trek: The Next Generation,4.0,13.0,Devil’s Due,1991-02-04,1991-02-04,,40274-187,44474.5,
191,3,Star Trek: The Next Generation,4.0,14.0,Clues,1991-02-11,1991-02-11,,40274-188,44502.7,
192,3,Star Trek: The Next Generation,4.0,15.0,First Contact,1991-02-18,1991-02-18,,40274-189,,
193,3,Star Trek: The Next Generation,4.0,16.0,Galaxy’s Child,1991-03-11,1991-03-11,,40274-190,44614.6,
194,3,Star Trek: The Next Generation,4.0,17.0,Night Terrors,1991-03-18,1991-03-18,,40274-191,44631.2,
195,3,Star Trek: The Next Generation,4.0,18.0,Identity Crisis,1991-03-25,1991-03-25,,40274-192,44664.5,
196,3,Star Trek: The Next Generation,4.0,19.0,The Nth Degree,1991-04-01,1991-04-01,,40274-193,44704.2,
197,3,Star Trek: The Next Generation,4.0,20.0,Qpid,1991-04-22,1991-04-22,,40274-194,44741.9,
198,3,Star Trek: The Next Generation,4.0,21.0,The Drumhead,1991-04-29,1991-04-29,,40274-195,44769.2,
199,3,Star Trek: The Next Generation,4.0,22.0,Half a Life,1991-05-06,1991-05-06,,40274-196,44805.3,
200,3,Star Trek: The Next Generation,4.0,23.0,The Host,1991-05-13,1991-05-13,,40274-197,44821.3,
201,3,Star Trek: The Next Generation,4.0,24.0,The Mind’s Eye,1991-05-27,1991-05-27,,40274-198,44885.5,
202,3,Star Trek: The Next Generation,4.0,25.0,In Theory,1991-06-03,1991-06-03,,40274-199,44932.3,
203,3,Star Trek: The Next Generation,4.0,26.0,Redemption,1991-06-17,1991-06-17,,40274-200,44995.3,
204,3,Star Trek: The Next Generation,5.0,1.0,Redemption II,1991-09-23,1991-09-23,,40275-201,45020.4,
205,3,Star Trek: The Next Generation,5.0,2.0,Darmok,1991-09-30,1991-09-30,,40275-202,45047.2,
206,3,Star Trek: The Next Generation,5.0,3.0,Ensign Ro,1991-10-07,1991-10-07,,40275-203,45076.3,
207,3,Star Trek: The Next Generation,5.0,4.0,Silicon Avatar,1991-10-14,1991-10-14,,40275-204,45122.3,
208,3,Star Trek: The Next Generation,5.0,5.0,Disaster,1991-10-21,1991-10-21,,40275-205,45156.1,
209,3,Star Trek: The Next Generation,5.0,6.0,The Game,1991-10-28,1991-10-28,,40275-206,45208.2,
210,3,Star Trek: The Next Generation,5.0,7.0,Unification I,1991-11-04,1991-11-04,,40275-208,45236.4,
211,3,Star Trek: The Next Generation,5.0,8.0,Unification II,1991-11-11,1991-11-11,,40275-207,45245.8,
212,3,Star Trek: The Next Generation,5.0,9.0,A Matter of Time,1991-11-18,1991-11-18,,40275-209,45349.1,
213,3,Star Trek: The Next Generation,5.0,10.0,New Ground,1992-01-06,1992-01-06,,40275-210,45376.3,
214,3,Star Trek: The Next Generation,5.0,11.0,Hero Worship,1992-01-27,1992-01-27,,40275-211,45397.3,
215,3,Star Trek: The Next Generation,5.0,12.0,Violations,1992-02-03,1992-02-03,,40275-212,45429.3,
216,3,Star Trek: The Next Generation,5.0,13.0,The Masterpiece Society,1992-02-10,1992-02-10,,40275-213,45470.1,
217,3,Star Trek: The Next Generation,5.0,14.0,Conundrum,1992-02-17,1992-02-17,,40275-214,45494.2,
218,3,Star Trek: The Next Generation,5.0,15.0,Power Play,1992-02-24,1992-02-24,,40275-215,45571.2,
219,3,Star Trek: The Next Generation,5.0,16.0,Ethics,1992-03-02,1992-03-02,,40275-216,45587.3,
220,3,Star Trek: The Next Generation,5.0,17.0,The Outcast,1992-03-16,1992-03-16,,40275-217,45614.6,
221,3,Star Trek: The Next Generation,5.0,18.0,Cause and Effect,1992-03-23,1992-03-23,,40275-218,45652.1,
222,3,Star Trek: The Next Generation,5.0,19.0,The First Duty,1992-03-30,1992-03-30,,40275-219,45703.9,
223,3,Star Trek: The Next Generation,5.0,20.0,Cost of Living,1992-04-20,1992-04-20,,40275-220,45733.6,
224,3,Star Trek: The Next Generation,5.0,21.0,The Perfect Mate,1992-04-27,1992-04-27,,40275-221,45761.3,
225,3,Star Trek: The Next Generation,5.0,22.0,Imaginary Friend,1992-05-04,1992-05-04,,40275-222,45832.1,
226,3,Star Trek: The Next Generation,5.0,23.0,I Borg,1992-05-11,1992-05-11,,40275-223,45854.2,
227,3,Star Trek: The Next Generation,5.0,24.0,The Next Phase,1992-05-18,1992-05-18,,40275-224,45892.4,
228,3,Star Trek: The Next Generation,5.0,25.0,The Inner Light,1992-06-01,1992-06-01,,40275-225,45944.1,
229,3,Star Trek: The Next Generation,5.0,26.0,Time’s Arrow,1992-06-15,1992-06-15,,40275-226,45959.1,
230,3,Star Trek: The Next Generation,6.0,1.0,"Time’s Arrow, Part II",1992-09-21,1992-09-21,,40276-227,46001.3,
231,3,Star Trek: The Next Generation,6.0,2.0,Realm of Fear,1992-09-28,1992-09-28,,40276-228,46041.1,
232,3,Star Trek: The Next Generation,6.0,3.0,Man of the People,1992-10-05,1992-10-05,,40276-229,46071.6,
233,3,Star Trek: The Next Generation,6.0,4.0,Relics,1992-10-12,1992-10-12,,40276-230,46125.3,
234,3,Star Trek: The Next Generation,6.0,5.0,Schisms,1992-10-19,1992-10-19,,40276-231,46154.2,
235,3,Star Trek: The Next Generation,6.0,6.0,True Q,1992-10-26,1992-10-26,,40276-232,46192.3,
236,3,Star Trek: The Next Generation,6.0,7.0,Rascals,1992-11-02,1992-11-02,,40276-233,46235.7,
237,3,Star Trek: The Next Generation,6.0,8.0,A Fistful of Datas,1992-11-09,1992-11-09,,40276-234,46271.5,
238,3,Star Trek: The Next Generation,6.0,9.0,The Quality of Life,1992-11-16,1992-11-16,,40276-235,46307.2,
239,3,Star Trek: The Next Generation,6.0,10.0,"Chain of Command, Part I",1992-12-14,1992-12-14,,40276-236,46357.4,
240,3,Star Trek: The Next Generation,6.0,11.0,"Chain of Command, Part II",1992-12-21,1992-12-21,,40276-237,46360.8,
241,3,Star Trek: The Next Generation,6.0,12.0,Ship in a Bottle,1993-01-25,1993-01-25,,40276-238,46424.1,
242,3,Star Trek: The Next Generation,6.0,13.0,Aquiel,1993-02-01,1993-02-01,,40276-239,46461.3,
243,3,Star Trek: The Next Generation,6.0,14.0,Face of the Enemy,1993-02-08,1993-02-08,,40276-240,46519,
244,3,Star Trek: The Next Generation,6.0,15.0,Tapestry,1993-02-15,1993-02-15,,40276-241,,
245,3,Star Trek: The Next Generation,6.0,16.0,"Birthright, Part I",1993-02-22,1993-02-22,,40276-242,46578.4,
246,3,Star Trek: The Next Generation,6.0,17.0,"Birthright, Part II",1993-03-01,1993-03-01,,40276-243,46579.2,
247,3,Star Trek: The Next Generation,6.0,18.0,Starship Mine,1993-03-29,1993-03-29,,40276-244,46682.4,
248,3,Star Trek: The Next Generation,6.0,19.0,Lessons,1993-04-05,1993-04-05,,40276-245,46693.1,
249,3,Star Trek: The Next Generation,6.0,20.0,The Chase,1993-04-26,1993-04-26,,40276-246,46731.5,
250,3,Star Trek: The Next Generation,6.0,21.0,Frame of Mind,1993-05-03,1993-05-03,,40276-247,46778.1,
251,3,Star Trek: The Next Generation,6.0,22.0,Suspicions,1993-05-10,1993-05-10,,40276-248,46830.1,
252,3,Star Trek: The Next Generation,6.0,23.0,Rightful Heir,1993-05-17,1993-05-17,,40276-249,46852.2,
253,3,Star Trek: The Next Generation,6.0,24.0,Second Chances,1993-05-24,1993-05-24,,40276-250,46915.2,
254,3,Star Trek: The Next Generation,6.0,25.0,Timescape,1993-06-14,1993-06-14,,40276-251,46944.2,
255,3,Star Trek: The Next Generation,6.0,26.0,Descent,1993-06-21,1993-06-21,,40276-252,46982.1,
256,3,Star Trek: The Next Generation,7.0,1.0,"Descent, Part II",1993-09-20,1993-09-20,,40277-253,47025.4,
257,3,Star Trek: The Next Generation,7.0,2.0,Liasions,1993-09-27,1993-09-27,,40277-254,,
258,3,Star Trek: The Next Generation,7.0,3.0,Interface,1993-10-04,1993-10-04,,40277-255,47215.5,
259,3,Star Trek: The Next Generation,7.0,4.0,"Gambit, Part I",1993-10-11,1993-10-11,,40277-256,47135.2,
260,3,Star Trek: The Next Generation,7.0,5.0,"Gambit, Part II",1993-10-18,1993-10-18,,40277-257,47160.1,
261,3,Star Trek: The Next Generation,7.0,6.0,Phantasms,1993-10-25,1993-10-25,,40277-258,47225.7,
262,3,Star Trek: The Next Generation,7.0,7.0,Dark Page,1993-11-01,1993-11-01,,40277-259,47254.1,
263,3,Star Trek: The Next Generation,7.0,8.0,Attached,1993-11-08,1993-11-08,,40277-260,47304.2,
264,3,Star Trek: The Next Generation,7.0,9.0,Force of Nature,1993-11-15,1993-11-15,,40277-261,47310.2,
265,3,Star Trek: The Next Generation,7.0,10.0,Inheritance,1993-11-22,1993-11-22,,40277-262,47410.2,
266,3,Star Trek: The Next Generation,7.0,11.0,Parallels,1993-11-29,1993-11-29,,40277-263,47391.2,
267,3,Star Trek: The Next Generation,7.0,12.0,The Pegasus,1994-01-10,1994-01-10,,40277-264,47457.1,
268,3,Star Trek: The Next Generation,7.0,13.0,Homeward,1994-01-17,1994-01-17,,40277-265,47423.9,
269,3,Star Trek: The Next Generation,7.0,14.0,Sub Rosa,1994-01-31,1994-01-31,,40277-266,,
270,3,Star Trek: The Next Generation,7.0,15.0,Lower Decks,1994-02-07,1994-02-07,,40277-267,47566.7,
271,3,Star Trek: The Next Generation,7.0,16.0,Thine Own Self,1994-02-14,1994-02-14,,40277-268,47611.2,
272,3,Star Trek: The Next Generation,7.0,17.0,Masks,1994-02-21,1994-02-21,,40277-269,47615.2,
273,3,Star Trek: The Next Generation,7.0,18.0,Eye of the Beholder,1994-02-28,1994-02-28,,40277-270,47622.1,
274,3,Star Trek: The Next Generation,7.0,19.0,Genesis,1994-03-21,1994-03-21,,40277-271,47653.2,
275,3,Star Trek: The Next Generation,7.0,20.0,Journey’s End,1994-03-28,1994-03-28,,40277-272,47751.2,
276,3,Star Trek: The Next Generation,7.0,21.0,Firstborn,1994-04-25,1994-04-25,,40277-273,47779.4,
277,3,Star Trek: The Next Generation,7.0,22.0,Bloodlines,1994-05-02,1994-05-02,,40277-274,47829.1,
278,3,Star Trek: The Next Generation,7.0,23.0,Emergence,1994-05-09,1994-05-09,,40277-275,47869.2,
279,3,Star Trek: The Next Generation,7.0,24.0,Preemptive Strike,1994-05-16,1994-05-16,,40277-276,47941.7,
280,3,Star Trek: The Next Generation,7.0,25.0,All Good Things…,1994-05-23,1994-05-23,,40277-747,47988,
80,1,Star Trek: The Original Series,,,The Cage (extended),1988-10-04,1988-10-04,,6149-01,,
81,1,Star Trek: The Original Series,,,The Cage,2009-05-02,,2009-05-02,6149-01,,
82,1,Star Trek: The Original Series,,,Where No Man Has Gone Before (pilot cut),,,,6149-02,1312.4,
3,1,Star Trek: The Original Series,1.0,1.0,Where No Man Has Gone Before,1966-09-22,1966-09-22,2007-01-20,6149-02,1312.4,
10,1,Star Trek: The Original Series,1.0,2.0,The Corbomite Maneuver,1966-11-10,1966-11-10,2006-12-09,6149-03,1512.2,
6,1,Star Trek: The Original Series,1.0,3.0,Mudd’s Women,1966-10-13,1966-10-13,2008-04-26,6149-04,1329.1,
5,1,Star Trek: The Original Series,1.0,4.0,The Enemy Within,1966-10-06,1966-10-06,2008-01-26,6149-05,1672.1,
1,1,Star Trek: The Original Series,1.0,5.0,The Man Trap,1966-09-08,1966-09-08,2007-09-29,6149-06,1513.1,
4,1,Star Trek: The Original Series,1.0,6.0,The Naked Time,1966-09-29,1966-09-29,2006-09-30,6149-07,1704.2,
2,1,Star Trek: The Original Series,1.0,7.0,Charlie X,1966-09-15,1966-09-15,2007-07-14,6149-08,1533.6,
14,1,Star Trek: The Original Series,1.0,8.0,Balance of Terror,1966-12-15,1966-12-15,2006-09-16,6149-09,1709.2,
7,1,Star Trek: The Original Series,1.0,9.0,What Are Little Girls Made Of?,1966-10-20,1966-10-20,2007-10-06,6149-10,2712.4,
9,1,Star Trek: The Original Series,1.0,10.0,Dagger of the Mind,1966-11-03,1966-11-03,2007-10-13,6149-11,2715.1,
8,1,Star Trek: The Original Series,1.0,11.0,Miri,1966-10-27,1966-10-27,2006-09-16,6149-12,2713.5,
13,1,Star Trek: The Original Series,1.0,12.0,The Conscience of the King,1966-12-08,1966-12-08,2007-09-22,6149-13,2817.6,
16,1,Star Trek: The Original Series,1.0,13.0,The Galileo Seven,1967-01-05,1967-01-05,2007-09-15,6149-14,2821.5,
20,1,Star Trek: The Original Series,1.0,14.0,Court Martial,1967-02-02,1967-02-02,2008-05-10,6149-15,2947.3,
11,1,Star Trek: The Original Series,1.0,15.0,"The Menagerie, Part I",1966-11-17,1966-11-17,2006-11-25,6149-16A,3012.4,
12,1,Star Trek: The Original Series,1.0,16.0,"The Menagerie, Part II",1966-11-24,1966-11-24,2006-12-02,6149-16B,3013.1,
15,1,Star Trek: The Original Series,1.0,17.0,Shore Leave,1966-12-29,1966-12-29,2007-05-26,6149-17,2025.3,
17,1,Star Trek: The Original Series,1.0,18.0,The Squire of Gothos,1967-01-12,1967-01-12,2007-07-21,6149-18,2124.5,
18,1,Star Trek: The Original Series,1.0,19.0,Arena,1967-01-19,1967-01-19,2006-10-21,6149-19,3045.6,
27,1,Star Trek: The Original Series,1.0,20.0,The Alternative Factor,1967-03-30,1967-03-30,2007-12-01,6149-20,3087.6,
19,1,Star Trek: The Original Series,1.0,21.0,Tomorrow Is Yesterday,1967-01-26,1967-01-26,2007-05-05,6149-21,3113.2,
21,1,Star Trek: The Original Series,1.0,22.0,The Return of the Archons,1967-02-09,1967-02-09,2007-12-08,6149-22,3156.2,
23,1,Star Trek: The Original Series,1.0,23.0,A Taste of Armageddon,1967-02-23,1967-02-23,2007-12-15,6149-23,3192.1,
22,1,Star Trek: The Original Series,1.0,24.0,Space Seed,1967-02-16,1967-02-16,2006-11-18,6149-24,3141.9,
24,1,Star Trek: The Original Series,1.0,25.0,This Side of Paradise,1967-03-02,1967-03-02,2007-07-28,6149-25,3417.3,
25,1,Star Trek: The Original Series,1.0,26.0,The Devil in the Dark,1967-03-09,1967-03-09,2006-09-23,6149-26,3196.1,
26,1,Star Trek: The Original Series,1.0,27.0,Errand of Mercy,1967-03-23,1967-03-23,2007-05-12,6149-27,3198.4,
28,1,Star Trek: The Original Series,1.0,28.0,The City on the Edge of Forever,1967-04-06,1967-04-06,2006-10-07,6149-28,,
29,1,Star Trek: The Original Series,1.0,29.0,Operation ‐‐ Annihilate!,1967-04-13,1967-04-13,2008-02-23,6149-29,3287.2,
36,1,Star Trek: The Original Series,2.0,1.0,Catspaw,1967-10-27,1967-10-27,2006-10-28,60330,3018.2,
38,1,Star Trek: The Original Series,2.0,2.0,Metamorphosis,1967-11-10,1967-11-10,2007-11-03,60331,,
40,1,Star Trek: The Original Series,2.0,3.0,Friday’s Child,1967-12-01,1967-12-01,2007-01-06,60332,3497.2,
31,1,Star Trek: The Original Series,2.0,4.0,Who Mourns for Adonais?,1967-09-22,1967-09-22,2008-01-12,60333,3468.1,
30,1,Star Trek: The Original Series,2.0,5.0,Amok Time,1967-09-15,1967-09-15,2007-02-17,60334,3372.7,
35,1,Star Trek: The Original Series,2.0,6.0,The Doomsday Machine,1967-10-20,1967-10-20,2007-02-10,60335,,
43,1,Star Trek: The Original Series,2.0,7.0,Wolf in the Fold,1967-12-22,1967-12-22,2007-03-10,60336,3614.9,
32,1,Star Trek: The Original Series,2.0,8.0,The Changeling,1967-09-29,1967-09-29,2008-02-02,60337,3541.9,
34,1,Star Trek: The Original Series,2.0,9.0,The Apple,1967-10-13,1967-10-13,2008-03-01,60338,3715.3,
33,1,Star Trek: The Original Series,2.0,10.0,"Mirror, Mirror",1967-10-06,1967-10-06,2006-11-11,60339,,
41,1,Star Trek: The Original Series,2.0,11.0,The Deadly Years,1967-12-08,1967-12-08,2007-11-10,60340,3478.2,
37,1,Star Trek: The Original Series,2.0,12.0,"I, Mudd",1967-11-03,1967-11-03,2006-10-14,60341,4513.3,
44,1,Star Trek: The Original Series,2.0,13.0,The Trouble with Tribbles,1967-12-29,1967-12-29,2006-11-04,60342,4523.3,
54,1,Star Trek: The Original Series,2.0,14.0,Bread and Circuses,1968-03-15,1968-03-15,2007-06-02,60343,4040.7,
39,1,Star Trek: The Original Series,2.0,15.0,Journey to Babel,1967-11-17,1967-11-17,2007-02-03,60344,3842.3,
48,1,Star Trek: The Original Series,2.0,16.0,A Private Little War,1968-02-02,1968-02-02,2008-05-17,60345,4211.4,
45,1,Star Trek: The Original Series,2.0,17.0,The Gamesters of Triskelion,1968-01-05,1968-01-05,2007-10-20,60346,3211.7,
42,1,Star Trek: The Original Series,2.0,18.0,Obsession,1967-12-15,1967-12-15,2008-04-12,60347,3619.2,
47,1,Star Trek: The Original Series,2.0,19.0,The Immunity Syndrome,1968-01-19,1968-01-19,2007-04-07,60348,4307.1,
46,1,Star Trek: The Original Series,2.0,20.0,A Piece of the Action,1968-01-12,1968-01-12,2007-04-28,60349,,
51,1,Star Trek: The Original Series,2.0,21.0,By Any Other Name,1968-02-23,1968-02-23,2008-03-08,60350,4657.5,
49,1,Star Trek: The Original Series,2.0,22.0,Return to Tomorrow,1968-02-09,1968-02-09,2007-07-07,60351,4768.3,
50,1,Star Trek: The Original Series,2.0,23.0,Patterns of Force,1968-02-16,1968-02-16,2007-05-19,60352,,
53,1,Star Trek: The Original Series,2.0,24.0,The Ultimate Computer,1968-03-08,1968-03-08,2008-02-09,60353,4729.4,
52,1,Star Trek: The Original Series,2.0,25.0,The Omega Glory,1968-03-01,1968-03-01,2007-06-30,60354,,
55,1,Star Trek: The Original Series,2.0,26.0,Assignment: Earth,1968-03-29,1968-03-29,2008-05-03,60355,,
61,1,Star Trek: The Original Series,3.0,1.0,Spectre of the Gun,1968-10-25,1968-10-25,2008-07-19,60032-56,4385.3,
68,1,Star Trek: The Original Series,3.0,2.0,Elaan of Troyius,1968-12-20,1968-12-20,2008-03-29,60032-57,4372.5,
58,1,Star Trek: The Original Series,3.0,3.0,The Paradise Syndrome,1968-10-04,1968-10-04,2007-02-24,60032-58,4842.6,
57,1,Star Trek: The Original Series,3.0,4.0,The Enterprise Incident,1968-09-27,1968-09-27,2008-04-05,60032-59,5027.3,
59,1,Star Trek: The Original Series,3.0,5.0,And the Children Shall Lead,1968-10-11,1968-10-11,2007-04-14,60032-60,5029.5,
56,1,Star Trek: The Original Series,3.0,6.0,Spock’s Brain,1968-09-20,1968-09-20,2007-06-09,60032-61,5431.4,
60,1,Star Trek: The Original Series,3.0,7.0,Is There in Truth No Beauty?,1968-10-18,1968-10-18,2008-03-22,60032-62,5630.7,
67,1,Star Trek: The Original Series,3.0,8.0,The Empath,1968-12-06,1968-12-06,2008-07-26,60032-63,5121.5,
64,1,Star Trek: The Original Series,3.0,9.0,The Tholian Web,1968-11-15,1968-11-15,2007-03-31,60032-64,5693.2,
63,1,Star Trek: The Original Series,3.0,10.0,For the World Is Hollow and I Have Touched the Sky,1968-11-08,1968-11-08,2007-01-27,60032-65,5476.3,
62,1,Star Trek: The Original Series,3.0,11.0,Day of the Dove,1968-11-01,1968-11-01,2008-01-05,60032-66,,
65,1,Star Trek: The Original Series,3.0,12.0,Plato’s Stepchildren,1968-11-22,1968-11-22,2007-06-16,60032-67,5784.2,
66,1,Star Trek: The Original Series,3.0,13.0,Wink of an Eye,1968-11-29,1968-11-29,2007-01-13,60032-68,5710.5,
72,1,Star Trek: The Original Series,3.0,14.0,That Which Survives,1969-01-24,1969-01-24,2008-03-15,60032-69,,
70,1,Star Trek: The Original Series,3.0,15.0,Let That Be Your Last Battlefield,1969-01-10,1969-01-10,2008-01-19,60032-70,5730.2,
69,1,Star Trek: The Original Series,3.0,16.0,Whom Gods Destroy,1969-01-03,1969-01-03,2008-05-24,60032-71,5718.3,
71,1,Star Trek: The Original Series,3.0,17.0,The Mark of Gideon,1969-01-17,1969-01-17,2008-05-31,60032-72,5423.4,
73,1,Star Trek: The Original Series,3.0,18.0,The Lights of Zetar,1969-01-31,1969-01-31,2008-06-07,60032-73,5725.3,
76,1,Star Trek: The Original Series,3.0,19.0,The Cloud Minders,1969-02-28,1969-02-28,2008-07-12,60032-74,5818.4,
75,1,Star Trek: The Original Series,3.0,20.0,The Way to Eden,1969-02-21,1969-02-21,2008-06-14,60032-75,5832.3,
74,1,Star Trek: The Original Series,3.0,21.0,Requiem for Methuselah,1969-02-14,1969-02-14,2008-06-21,60032-76,5843.7,
77,1,Star Trek: The Original Series,3.0,22.0,The Savage Curtain,1969-03-07,1969-03-07,2008-06-28,60032-77,5906.4,
78,1,Star Trek: The Original Series,3.0,23.0,All Our Yesterdays,1969-03-14,1969-03-14,2007-04-21,60032-78,5943.7,
79,1,Star Trek: The Original Series,3.0,24.0,Turnabout Intruder,1969-06-03,1969-06-03,2008-08-02,60032-79,5928.5,
454,5,Star Trek: Voyager,1.0,1.0,Caretaker,1995-01-16,1995-01-16,,101,48315.6,
455,5,Star Trek: Voyager,1.0,3.0,Parallax,1995-01-23,1995-01-23,,103,48439.7,
456,5,Star Trek: Voyager,1.0,4.0,Time and Again,1995-01-30,1995-01-30,,104,,
457,5,Star Trek: Voyager,1.0,5.0,Phage,1995-02-06,1995-02-06,,105,48532.4,
458,5,Star Trek: Voyager,1.0,6.0,The Cloud,1995-02-13,1995-02-13,,106,48546.2,
459,5,Star Trek: Voyager,1.0,7.0,Eye of the Needle,1995-02-20,1995-02-20,,107,48579.4,
460,5,Star Trek: Voyager,1.0,8.0,Ex Post Facto,1995-02-27,1995-02-27,,108,,
461,5,Star Trek: Voyager,1.0,9.0,Emanations,1995-03-13,1995-03-13,,109,48623.5,
462,5,Star Trek: Voyager,1.0,10.0,Prime Factors,1995-03-20,1995-03-20,,110,48642.5,
463,5,Star Trek: Voyager,1.0,11.0,State of Flux,1995-04-10,1995-04-10,,111,48658.2,
464,5,Star Trek: Voyager,1.0,12.0,Heroes and Demons,1995-04-24,1995-04-24,,112,48693.2,
465,5,Star Trek: Voyager,1.0,13.0,Cathexis,1995-05-01,1995-05-01,,113,48734.2,
466,5,Star Trek: Voyager,1.0,14.0,Faces,1995-05-08,1995-05-08,,114,48784.2,
467,5,Star Trek: Voyager,1.0,15.0,Jetrel,1995-05-15,1995-05-15,,115,48832.1,
468,5,Star Trek: Voyager,1.0,16.0,Learning Curve,1995-05-22,1995-05-22,,116,48846.5,
469,5,Star Trek: Voyager,2.0,1.0,The 37’s,1995-08-28,1995-08-28,,120,48975.1,
470,5,Star Trek: Voyager,2.0,2.0,Initiations,1995-09-04,1995-09-04,,121,49005.3,
471,5,Star Trek: Voyager,2.0,3.0,Projections,1995-09-11,1995-09-11,,117,48892.1,
472,5,Star Trek: Voyager,2.0,4.0,Elogium,1995-09-18,1995-09-18,,118,48921.3,
473,5,Star Trek: Voyager,2.0,5.0,Non Sequitur,1995-09-25,1995-09-25,,122,49011,
474,5,Star Trek: Voyager,2.0,6.0,Twisted,1995-10-02,1995-10-02,,119,,
475,5,Star Trek: Voyager,2.0,7.0,Parturition,1995-10-09,1995-10-09,,123,49068.5,
476,5,Star Trek: Voyager,2.0,8.0,Persistence of Vision,1995-10-30,1995-10-30,,124,,
477,5,Star Trek: Voyager,2.0,9.0,Tattoo,1995-11-06,1995-11-06,,125,,
478,5,Star Trek: Voyager,2.0,10.0,Cold Fire,1995-11-13,1995-11-13,,126,49164.8,
479,5,Star Trek: Voyager,2.0,11.0,Maneuvers,1995-11-20,1995-11-20,,127,49208.5,
480,5,Star Trek: Voyager,2.0,12.0,Resistance,1995-11-27,1995-11-27,,128,,
481,5,Star Trek: Voyager,2.0,13.0,Prototype,1996-01-15,1996-01-15,,129,,
482,5,Star Trek: Voyager,2.0,14.0,Alliances,1996-01-22,1996-01-22,,131,49337.4,
483,5,Star Trek: Voyager,2.0,15.0,Threshold,1996-01-29,1996-01-29,,132,49373.4,
484,5,Star Trek: Voyager,2.0,16.0,Meld,1996-02-05,1996-02-05,,133,,
485,5,Star Trek: Voyager,2.0,17.0,Dreadnought,1996-02-12,1996-02-12,,134,49447,
486,5,Star Trek: Voyager,2.0,18.0,Death Wish,1996-02-19,1996-02-19,,130,49301.2,
487,5,Star Trek: Voyager,2.0,19.0,Lifesigns,1996-02-26,1996-02-26,,136,49504.3,
488,5,Star Trek: Voyager,2.0,20.0,Investigations,1996-03-13,1996-03-13,,135,49485.2,
489,5,Star Trek: Voyager,2.0,21.0,Deadlock,1996-03-18,1996-03-18,,137,49548.7,
490,5,Star Trek: Voyager,2.0,22.0,Innocence,1996-04-08,1996-04-08,,138,49578.2,
491,5,Star Trek: Voyager,2.0,23.0,The Thaw,1996-04-29,1996-04-29,,139,,
492,5,Star Trek: Voyager,2.0,24.0,Tuvix,1996-05-06,1996-05-06,,140,49655.2,
493,5,Star Trek: Voyager,2.0,25.0,Resolutions,1996-05-13,1996-05-13,,141,49690.1,
494,5,Star Trek: Voyager,2.0,26.0,"Basics, Part I",1996-05-20,1996-05-20,,142,,
495,5,Star Trek: Voyager,3.0,1.0,"Basics, Part II",1996-09-04,1996-09-04,,146,50032.7,
496,5,Star Trek: Voyager,3.0,2.0,Flashback,1996-09-11,1996-09-11,,145,50126.4,
497,5,Star Trek: Voyager,3.0,3.0,The Chute,1996-09-18,1996-09-18,,147,50156.2,
498,5,Star Trek: Voyager,3.0,4.0,The Swarm,1996-09-25,1996-09-25,,149,50252.3,
499,5,Star Trek: Voyager,3.0,5.0,False Profits,1996-10-02,1996-10-02,,144,50074.3,
500,5,Star Trek: Voyager,3.0,6.0,Remember,1996-10-09,1996-10-09,,148,50203.1,
501,5,Star Trek: Voyager,3.0,7.0,Sacred Ground,1996-10-30,1996-10-30,,143,50063.2,
502,5,Star Trek: Voyager,3.0,8.0,Future’s End,1996-11-06,1996-11-06,,150,50312.5,
503,5,Star Trek: Voyager,3.0,9.0,"Future’s End, Part II",1996-11-13,1996-11-13,,151,50312.5,
504,5,Star Trek: Voyager,3.0,10.0,Warlord,1996-11-20,1996-11-20,,152,50348.1,
505,5,Star Trek: Voyager,3.0,11.0,The Q and the Grey,1996-11-27,1996-11-27,,153,50384.2,
506,5,Star Trek: Voyager,3.0,12.0,Macrocosm,1996-12-11,1996-12-11,,154,50425.1,
507,5,Star Trek: Voyager,3.0,13.0,Fair Trade,1997-01-08,1997-01-08,,156,,
508,5,Star Trek: Voyager,3.0,14.0,Alter Ego,1997-01-15,1997-01-15,,155,50460.3,
509,5,Star Trek: Voyager,3.0,15.0,Coda,1997-01-29,1997-01-29,,158,50518.6,
510,5,Star Trek: Voyager,3.0,16.0,Blood Fever,1997-02-05,1997-02-05,,157,50537.2,
511,5,Star Trek: Voyager,3.0,17.0,Unity,1997-02-12,1997-02-12,,159,50614.2,
512,5,Star Trek: Voyager,3.0,18.0,Darkling,1997-02-19,1997-02-19,,161,50693.2,
513,5,Star Trek: Voyager,3.0,19.0,Rise,1997-02-26,1997-02-26,,160,,
514,5,Star Trek: Voyager,3.0,20.0,Favorite Son,1997-03-19,1997-03-19,,162,50732.4,
515,5,Star Trek: Voyager,3.0,21.0,Before and After,1997-04-09,1997-04-09,,163,,
516,5,Star Trek: Voyager,3.0,22.0,Real Life,1997-04-23,1997-04-23,,164,50836.2,
517,5,Star Trek: Voyager,3.0,23.0,Distant Origin,1997-04-30,1997-04-30,,165,,
518,5,Star Trek: Voyager,3.0,24.0,Displaced,1997-05-07,1997-05-07,,166,50912.4,
519,5,Star Trek: Voyager,3.0,25.0,Worst Case Scenario,1997-05-14,1997-05-14,,167,50953.4,
520,5,Star Trek: Voyager,3.0,26.0,Scorpion,1997-05-21,1997-05-21,,168,50984.3,
521,5,Star Trek: Voyager,4.0,1.0,"Scorpion, Part II",1997-09-03,1997-09-03,,169,51003.7,
522,5,Star Trek: Voyager,4.0,2.0,The Gift,1997-09-10,1997-09-10,,170,51008,
523,5,Star Trek: Voyager,4.0,3.0,Day of Honor,1997-09-17,1997-09-17,,172,,
524,5,Star Trek: Voyager,4.0,4.0,Nemesis,1997-09-24,1997-09-24,,171,51082.4,
525,5,Star Trek: Voyager,4.0,5.0,Revulsion,1997-10-01,1997-10-01,,173,51186.2,
526,5,Star Trek: Voyager,4.0,6.0,The Raven,1997-10-08,1997-10-08,,174,,
527,5,Star Trek: Voyager,4.0,7.0,Scientific Method,1997-10-29,1997-10-29,,175,51244.3,
528,5,Star Trek: Voyager,4.0,8.0,Year of Hell,1997-11-05,1997-11-05,,176,51268.4,
529,5,Star Trek: Voyager,4.0,9.0,"Year of Hell, Part II",1997-11-12,1997-11-12,,177,51425.4,
530,5,Star Trek: Voyager,4.0,10.0,Random Thoughts,1997-11-19,1997-11-19,,178,51367.2,
531,5,Star Trek: Voyager,4.0,11.0,Concerning Flight,1997-11-26,1997-11-26,,179,51386.4,
532,5,Star Trek: Voyager,4.0,12.0,Mortal Coil,1997-12-17,1997-12-17,,180,51449.2,
533,5,Star Trek: Voyager,4.0,13.0,Waking Moments,1998-01-14,1998-01-14,,182,51471.3,
534,5,Star Trek: Voyager,4.0,14.0,Message in a Bottle,1998-01-21,1998-01-21,,181,51462,
535,5,Star Trek: Voyager,4.0,15.0,Hunters,1998-02-11,1998-02-11,,183,51501.4,
536,5,Star Trek: Voyager,4.0,16.0,Prey,1998-02-18,1998-02-18,,184,51652.3,
537,5,Star Trek: Voyager,4.0,17.0,Retrospect,1998-02-25,1998-02-25,,185,51658.2,
539,5,Star Trek: Voyager,4.0,18.0,The Killing Game,1998-03-04,1998-03-04,,186,,
538,5,Star Trek: Voyager,4.0,19.0,"The Killing Game, Part II",1998-03-04,1998-03-04,,187,51715.2,
540,5,Star Trek: Voyager,4.0,20.0,Vis à Vis,1998-04-08,1998-04-08,,188,51762.4,
541,5,Star Trek: Voyager,4.0,21.0,The Omega Directive,1998-04-15,1998-04-15,,189,51781.2,
542,5,Star Trek: Voyager,4.0,22.0,Unforgettable,1998-04-22,1998-04-22,,190,51813.4,
543,5,Star Trek: Voyager,4.0,23.0,Living Witness,1998-04-29,1998-04-29,,191,,
544,5,Star Trek: Voyager,4.0,24.0,Demon,1998-05-06,1998-05-06,,192,,
545,5,Star Trek: Voyager,4.0,25.0,One,1998-05-13,1998-05-13,,193,51929.3,
546,5,Star Trek: Voyager,4.0,26.0,Hope and Fear,1998-05-20,1998-05-20,,194,51978.2,
547,5,Star Trek: Voyager,5.0,1.0,Night,1998-10-14,1998-10-14,,195,52081.2,
548,5,Star Trek: Voyager,5.0,2.0,Drone,1998-10-21,1998-10-21,,196,,
549,5,Star Trek: Voyager,5.0,3.0,Extreme Risk,1998-10-28,1998-10-28,,197,,
550,5,Star Trek: Voyager,5.0,4.0,In the Flesh,1998-11-04,1998-11-04,,198,52136.4,
551,5,Star Trek: Voyager,5.0,5.0,Once Upon a Time,1998-11-11,1998-11-11,,199,,
552,5,Star Trek: Voyager,5.0,6.0,Timeless,1998-11-18,1998-11-18,,201,52164.3,
553,5,Star Trek: Voyager,5.0,7.0,Infinite Regress,1998-11-25,1998-11-25,,203,52356.2,
554,5,Star Trek: Voyager,5.0,8.0,Nothing Human,1998-12-02,1998-12-02,,200,,
555,5,Star Trek: Voyager,5.0,9.0,Thirty Days,1998-12-09,1998-12-09,,202,52179.4,
556,5,Star Trek: Voyager,5.0,10.0,Counterpoint,1998-12-16,1998-12-16,,204,,
557,5,Star Trek: Voyager,5.0,11.0,Latent Image,1999-01-20,1999-01-20,,206,,
558,5,Star Trek: Voyager,5.0,12.0,Bride of Chaotica!,1999-01-27,1999-01-27,,207,,
559,5,Star Trek: Voyager,5.0,13.0,Gravity,1999-02-03,1999-02-03,,205,52438.9,
560,5,Star Trek: Voyager,5.0,14.0,Bliss,1999-02-10,1999-02-10,,209,52542.3,
561,5,Star Trek: Voyager,5.0,15.0,Dark Frontier,1999-02-17,1999-02-17,,211,52619.2,
562,5,Star Trek: Voyager,5.0,17.0,The Disease,1999-02-24,1999-02-24,,210,,
563,5,Star Trek: Voyager,5.0,18.0,Course: Oblivion,1999-03-03,1999-03-03,,213,52586.3,
564,5,Star Trek: Voyager,5.0,19.0,The Fight,1999-03-24,1999-03-24,,208,,
565,5,Star Trek: Voyager,5.0,20.0,Think Tank,1999-03-31,1999-03-31,,214,,
566,5,Star Trek: Voyager,5.0,21.0,Juggernaut,1999-04-26,1999-04-26,,215,,
567,5,Star Trek: Voyager,5.0,22.0,Someone to Watch Over Me,1999-04-28,1999-04-28,,216,52648,
568,5,Star Trek: Voyager,5.0,23.0,11:59,1999-05-05,1999-05-05,,217,,
569,5,Star Trek: Voyager,5.0,24.0,Relativity,1999-05-12,1999-05-12,,218,52861.274,
570,5,Star Trek: Voyager,5.0,25.0,Warhead,1999-05-19,1999-05-19,,219,,
571,5,Star Trek: Voyager,5.0,26.0,Equinox,1999-05-26,1999-05-26,,220,,
572,5,Star Trek: Voyager,6.0,1.0,"Equinox, Part II",1999-09-22,1999-09-22,,221,,
573,5,Star Trek: Voyager,6.0,2.0,Survival Instinct,1999-09-29,1999-09-29,,222,53049.2,
574,5,Star Trek: Voyager,6.0,3.0,Barge of the Dead,1999-10-06,1999-10-06,,223,,
575,5,Star Trek: Voyager,6.0,4.0,Tinker Tenor Doctor Spy,1999-10-13,1999-10-13,,224,,
576,5,Star Trek: Voyager,6.0,5.0,Alice,1999-10-20,1999-10-20,,226,,
577,5,Star Trek: Voyager,6.0,6.0,Riddles,1999-11-03,1999-11-03,,227,53263.2,
578,5,Star Trek: Voyager,6.0,7.0,Dragon’s Teeth,1999-11-10,1999-11-10,,225,53167.9,
579,5,Star Trek: Voyager,6.0,8.0,One Small Step,1999-11-17,1999-11-17,,228,53292.7,
580,5,Star Trek: Voyager,6.0,9.0,The Voyager Conspiracy,1999-11-24,1999-11-24,,229,53329,
581,5,Star Trek: Voyager,6.0,10.0,Pathfinder,1999-12-01,1999-12-01,,230,,
582,5,Star Trek: Voyager,6.0,11.0,Fair Haven,2000-01-12,2000-01-12,,231,,
583,5,Star Trek: Voyager,6.0,12.0,Blink of an Eye,2000-01-19,2000-01-19,,233,,
584,5,Star Trek: Voyager,6.0,13.0,Virtuoso,2000-01-26,2000-01-26,,234,53556.4,
585,5,Star Trek: Voyager,6.0,14.0,Memorial,2000-02-02,2000-02-02,,236,,
586,5,Star Trek: Voyager,6.0,15.0,Tsunkatse,2000-02-09,2000-02-09,,232,53447.2,
587,5,Star Trek: Voyager,6.0,16.0,Collective,2000-02-16,2000-02-16,,235,,
588,5,Star Trek: Voyager,6.0,17.0,Spirit Folk,2000-02-23,2000-02-23,,237,,
589,5,Star Trek: Voyager,6.0,18.0,Ashes to Ashes,2000-03-01,2000-03-01,,238,53679.4,
590,5,Star Trek: Voyager,6.0,19.0,Child’s Play,2000-03-08,2000-03-08,,239,,
591,5,Star Trek: Voyager,6.0,20.0,Good Shepherd,2000-03-15,2000-03-15,,240,53753.2,
592,5,Star Trek: Voyager,6.0,21.0,Live Fast and Prosper,2000-04-19,2000-04-19,,242,53849.2,
593,5,Star Trek: Voyager,6.0,22.0,Muse,2000-04-26,2000-04-26,,244,53918,
594,5,Star Trek: Voyager,6.0,23.0,Fury,2000-05-03,2000-05-03,,241,,
595,5,Star Trek: Voyager,6.0,24.0,Life Line,2000-05-10,2000-05-10,,243,,
596,5,Star Trek: Voyager,6.0,25.0,The Haunting of Deck Twelve,2000-05-17,2000-05-17,,245,,
597,5,Star Trek: Voyager,6.0,26.0,Unimatrix Zero,2000-05-24,2000-05-24,,246,,
598,5,Star Trek: Voyager,7.0,1.0,"Unimatrix Zero, Part II",2000-10-04,2000-10-04,,247,54014.4,
599,5,Star Trek: Voyager,7.0,2.0,Imperfection,2000-10-11,2000-10-11,,248,54129.4,
600,5,Star Trek: Voyager,7.0,3.0,Drive,2000-10-18,2000-10-18,,249,54058.6,
601,5,Star Trek: Voyager,7.0,4.0,Repression,2000-10-25,2000-10-25,,251,54090.4,
602,5,Star Trek: Voyager,7.0,5.0,Critical Care,2000-11-01,2000-11-01,,250,,
603,5,Star Trek: Voyager,7.0,6.0,Inside Man,2000-11-08,2000-11-08,,252,54208.3,
604,5,Star Trek: Voyager,7.0,7.0,Body and Soul,2000-11-15,2000-11-15,,255,54238.3,
605,5,Star Trek: Voyager,7.0,8.0,Nightingale,2000-11-22,2000-11-22,,256,54274.7,
606,5,Star Trek: Voyager,7.0,9.0,Flesh and Blood,2000-11-29,2000-11-29,,253,54315.3,
607,5,Star Trek: Voyager,7.0,11.0,Shattered,2001-01-17,2001-01-17,,257,,
608,5,Star Trek: Voyager,7.0,12.0,Lineage,2001-01-24,2001-01-24,,258,54452.6,
609,5,Star Trek: Voyager,7.0,13.0,Repentance,2001-01-31,2001-01-31,,259,54474.6,
610,5,Star Trek: Voyager,7.0,14.0,Prophecy,2001-02-07,2001-02-07,,260,54518.2,
611,5,Star Trek: Voyager,7.0,15.0,The Void,2001-02-14,2001-02-14,,261,54553.4,
612,5,Star Trek: Voyager,7.0,16.0,Workforce,2001-02-21,2001-02-21,,262,54584.3,
613,5,Star Trek: Voyager,7.0,17.0,"Workforce, Part II",2001-02-28,2001-02-28,,263,54622.4,
614,5,Star Trek: Voyager,7.0,18.0,Human Error,2001-03-07,2001-03-07,,264,,
615,5,Star Trek: Voyager,7.0,19.0,Q2,2001-04-11,2001-04-11,,265,54704.5,
616,5,Star Trek: Voyager,7.0,20.0,"Author, Author",2001-04-18,2001-04-18,,266,54732.3,
617,5,Star Trek: Voyager,7.0,21.0,Friendship One,2001-04-25,2001-04-25,,267,54775.4,
618,5,Star Trek: Voyager,7.0,22.0,Natural Law,2001-05-02,2001-05-02,,268,54827.7,
619,5,Star Trek: Voyager,7.0,23.0,Homestead,2001-05-09,2001-05-09,,269,54868.6,
620,5,Star Trek: Voyager,7.0,24.0,Renaissance Man,2001-05-16,2001-05-16,,270,54890.7,
621,5,Star Trek: Voyager,7.0,25.0,Endgame,2001-05-23,2001-05-23,,271,54973.4,
